<?xml version='1.0' encoding='utf-8'?>
<COLLADA xmlns="http://www.collada.org/2005/11/COLLADASchema" version="1.4.1">
  <asset>
    <created>2026-09-14T00:00:00Z</created>
    <modified>2026-09-14T00:00:00Z</modified>
    <unit name="metre" meter="1" />
    <up_axis>Z_UP</up_axis>
  </asset>
  <library_effects>
    <effect id="qmat_103403739752e509_effect">
      <profile_COMMON>
        <technique sid="common">
          <lambert>
            <emission>
              <color sid="emission">0 0 0 1</color>
            </emission>
            <diffuse>
              <color sid="diffuse">0.01341 0.01341 0.01341 1</color>
            </diffuse>
            <index_of_refraction>
              <float sid="ior">1.45</float>
            </index_of_refraction>
          </lambert>
        </technique>
      </profile_COMMON>
    </effect>
    <effect id="qmat_1163a26947310579_effect">
      <profile_COMMON>
        <technique sid="common">
          <lambert>
            <emission>
              <color sid="emission">0 0 0 1</color>
            </emission>
            <diffuse>
              <color sid="diffuse">0.023455 0.023455 0.023455 1</color>
            </diffuse>
            <index_of_refraction>
              <float sid="ior">1.45</float>
            </index_of_refraction>
          </lambert>
        </technique>
      </profile_COMMON>
    </effect>
    <effect id="qmat_497d0fc190a55310_effect">
      <profile_COMMON>
        <technique sid="common">
          <lambert>
            <emission>
              <color sid="emission">0 0 0 1</color>
            </emission>
            <diffuse>
              <color sid="diffuse">1 1 1 1</color>
            </diffuse>
            <reflectivity>
              <float sid="specular">0.5</float>
            </reflectivity>
          </lambert>
        </technique>
      </profile_COMMON>
    </effect>
    <effect id="qmat_4b294f1aa1dfaafb_effect">
      <profile_COMMON>
        <technique sid="common">
          <lambert>
            <emission>
              <color sid="emission">0 0 0 1</color>
            </emission>
            <diffuse>
              <color sid="diffuse">0.6717055 0.6924257 0.7742702 1</color>
            </diffuse>
            <reflectivity>
              <float sid="specular">0.5</float>
            </reflectivity>
          </lambert>
        </technique>
      </profile_COMMON>
    </effect>
    <effect id="qmat_e137245c464f31d5_effect">
      <profile_COMMON>
        <technique sid="common">
          <lambert>
            <emission>
              <color sid="emission">0 0 0 1</color>
            </emission>
            <diffuse>
              <color sid="diffuse">0.009018 0.009018 0.009018 1</color>
            </diffuse>
            <index_of_refraction>
              <float sid="ior">1.45</float>
            </index_of_refraction>
          </lambert>
        </technique>
      </profile_COMMON>
    </effect>
  </library_effects>
  <library_materials>
    <material id="qmat_103403739752e509" name="qmat_103403739752e509">
      <instance_effect url="#qmat_103403739752e509_effect" />
    </material>
    <material id="qmat_1163a26947310579" name="qmat_1163a26947310579">
      <instance_effect url="#qmat_1163a26947310579_effect" />
    </material>
    <material id="qmat_497d0fc190a55310" name="qmat_497d0fc190a55310">
      <instance_effect url="#qmat_497d0fc190a55310_effect" />
    </material>
    <material id="qmat_4b294f1aa1dfaafb" name="qmat_4b294f1aa1dfaafb">
      <instance_effect url="#qmat_4b294f1aa1dfaafb_effect" />
    </material>
    <material id="qmat_e137245c464f31d5" name="qmat_e137245c464f31d5">
      <instance_effect url="#qmat_e137245c464f31d5_effect" />
    </material>
  </library_materials>
  <library_geometries>
    <geometry id="geometry" name="base_dae">
      <mesh>
        <source id="positions">
          <float_array id="positions_array" count="4059">0.329781502 0.0135672828 0.0495875254 0.331319034 0.00680579245 0.0569921918 0.329542905 0.0129203731 0.0478695258 0.313821077 0.00395354116 0.0662561581 0.297338426 -0.000720595533 0.0721718967 0.320297688 -0.00351840421 0.063726522 0.303099722 0.0203624796 0.0556121655 0.322268009 0.0168098733 0.0467002206 0.309701443 0.0226856899 0.049267441 0.331908852 -0.00476719113 0.0576040708 0.331823498 0.00376978749 0.0561503358 0.328259349 0.0036029045 0.055644419 0.324192643 0.0181448646 0.0352782793 0.306898534 0.0322867408 0.0281885937 0.296645015 0.0195062198 0.0631831065 0.327833176 0.00854975451 0.0460861214 0.327026486 0.00811678916 0.0120937629 0.328080833 0.00881769694 0.00134998362 0.320172101 0.010330121 0.0604724959 0.302470773 0.0130457776 0.066836454 0.32775566 0.00423596008 0.0508943908 0.32805717 0.0116638895 -0.0223715529 0.324672699 0.00594220916 0.0376012437 0.324612796 0.00456163427 0.0501288474 0.324638397 -0.0038648746 0.0359000377 0.327010691 0.0050612418 0.0359152667 0.32787621 -0.00430511404 0.0511255302 0.288298875 0.0385205634 0.0400205106 0.292893529 0.0430061072 0.0148404278 0.277016521 0.0464841947 0.0321993232 0.277993172 0.040203087 0.0495632477 0.284509659 0.0340157598 0.0541350022 0.299026281 0.0280251373 0.0511246771 0.272050381 0.0331556909 0.0592515692 0.281962603 0.0256117098 0.0614841245 0.279702365 0.0226131119 0.0684816539 0.280205697 0.013637919 0.0742414594 0.264079213 0.00100131915 0.0788853839 0.281359106 0.047089424 0.0208103564 0.237687781 0.0643021315 0.0575484224 0.227773458 0.0574437492 0.0633357167 0.2389272 0.062007919 0.059323214 0.21472013 0.0479575098 0.0721846968 0.238790825 0.0516209118 0.0623345673 0.212182507 0.0461712964 0.0642303973 0.224271074 0.0503760614 0.0582114346 0.21409145 0.0386309698 0.0567115806 0.252523363 0.0511471704 0.0583095886 0.253608793 0.0424204543 0.0610523112 0.267269135 0.0423921645 0.0569238141 0.234950811 0.0596419536 0.0529480875 0.250946462 0.0641559735 0.0452083535 0.235937685 0.0385742038 0.0703595206 0.248985693 0.033572264 0.0693322644 0.224091843 0.0322120748 0.0789643899 0.25496155 0.0159075074 0.0788238272 0.256248295 0.0269561782 0.073936373 0.209318072 0.0167125426 0.0887434781 0.22198984 0.0201929417 0.0883727819 0.213495672 0.0213669483 0.0817611143 0.232584938 0.0166367944 0.0887753293 0.234371781 0.0183034576 0.0809981674 0.225890562 0.0221293904 0.0810542405 0.240272701 0.012091374 0.0811265931 0.240442753 0.00635559298 0.0885944515 0.243952721 0.000395977637 0.0813944414 0.207815856 0.034704458 0.0804629922 0.223569557 0.0383200459 0.0502800494 0.231180191 0.0380026922 0.0423642397 0.222943187 -0.00463661179 0.0507807806 0.237029627 0.0377823226 0.0334105901 0.233458102 -0.0382955223 0.039191924 0.22689122 -0.0384951532 0.0471418649 0.261711329 0.0634863675 0.0256884769 0.259806067 0.0637701228 0.0137788495 0.243550971 0.0616020113 0.046118252 0.236617401 0.0508667715 0.0442056246 0.258175403 0.0520355403 0.0512039438 0.262566388 0.0492154621 0.045113463 0.253385752 0.0629209727 0.031507466 0.261368573 0.0559202023 0.0413172916 0.2705248 0.0559488982 0.0222112648 0.244251758 0.0535681434 0.0353940874 0.247933745 0.051832933 0.0245238598 0.271927446 0.0512324311 0.0222761147 0.242753685 0.0368307494 0.0208627414 0.28151089 -0.0358888656 0.0549182445 0.276150495 -0.0415841565 0.0499562323 0.312134117 -0.0227384195 0.0480845645 0.293498218 -0.037359003 0.0372606702 0.295869827 -0.0200238433 0.0637056455 0.264404207 -0.0263709966 0.071632795 0.303685576 -0.0207273755 0.0555084944 0.244790584 -0.0364874341 0.0690734982 0.289375246 -0.0443022326 0.0184088424 0.266470045 -0.0506511815 0.0367264524 0.27202338 -0.0513453931 0.022312982 0.331100106 -0.0112985214 0.0527087674 0.328568518 -0.00708537223 0.0540219732 0.328291714 -0.012652833 0.0482669249 0.324605525 -0.0068119755 0.0477884598 0.327950925 -0.00912499428 0.0458229855 0.326719284 -0.00752306171 0.0384022519 0.323635906 -0.0196862016 0.0317615606 0.321985185 -0.0180157758 0.0447998345 0.309883475 -0.0313346013 0.0266056098 0.329955935 -0.0138593279 0.0487311929 0.328160763 -0.0170970391 0.00898870267 0.314994335 -0.0110026253 0.0630934536 0.289581507 -0.0129442886 0.0719232783 0.240113884 -0.00713002123 0.0888043195 0.225296915 -0.0201323424 0.0887439847 0.234496936 -0.0157021061 0.0881645232 0.228020772 -0.0222859066 0.0807514787 0.214809552 -0.0221693274 0.0817596987 0.239943966 -0.0134365605 0.0810571387 0.265844047 -0.0147455381 0.0774295852 0.24956876 -0.0286436155 0.075078778 0.227287501 -0.0322406031 0.0784528479 0.228445858 -0.0566195287 0.0591540411 0.234562367 -0.0603851192 0.053564962 0.237420708 -0.0646558926 0.0570314452 0.231364787 -0.0595243946 0.0632337257 0.225576863 -0.0549797937 0.0670082048 0.217456579 -0.0524978228 0.0674486756 0.258452684 -0.0477388725 0.0579164065 0.238264054 -0.0626009405 0.0592025109 0.257489443 -0.0528031029 0.0516237132 0.239901066 -0.0523232445 0.0616677068 0.219157472 -0.0388199612 0.0536373332 0.224244401 -0.04720008 0.0553993024 0.206826881 -0.0452841371 0.066045709 0.226239845 -0.0422916152 0.0716862157 0.284679532 -0.0296807811 0.0566994026 0.240281671 -0.038029924 0.0269807726 0.246823698 -0.0521179661 0.0275174156 0.241450384 -0.0572211519 0.04312573 0.24604933 -0.0637725443 0.0456611402 0.246418357 -0.0645449758 0.050379578 0.254686981 -0.0648961216 0.0380889773 0.25341928 -0.0617787763 0.0281040855 0.265791655 -0.047231026 0.0473827347 0.267843872 -0.0567749739 0.0283372011 0.260092944 -0.0644127652 0.0288333762 0.271786839 -0.0559686534 0.019469237 0.32851398 0.0157272182 0.0204249285 0.318463564 0.02820554 0.00407617632 0.329976439 0.0134769594 -0.0213388111 0.326491117 0.021275321 -0.0227823369 0.32183826 0.0283262338 -0.0239698142 0.324755996 0.00715711759 0.00504393689 0.32487607 0.00326444604 0.000148096835 0.32459715 0.00419865968 0.0146463206 0.324617952 -0.00711283693 0.0110502113 0.310099453 0.0338200033 0.0109946998 0.307329953 0.0369259231 -0.00716527738 0.292103618 0.04384524 -0.00445246883 0.31338203 0.0361152627 -0.0262856446 0.277620345 0.0460123196 -0.0204206444 0.294144511 0.0434149951 -0.0197416469 0.29722631 0.0438512713 -0.0306276176 0.318553656 -0.0322703198 -0.0249272399 0.328125715 -0.0129723372 -0.0223335326 0.283270568 0.0486034788 0.00113328989 0.277337283 0.0486573391 -0.00863297842 0.277466863 0.0437363014 -0.0359386131 0.328021049 -0.00440310873 -0.00147232309 0.245840788 0.020374598 -0.0444002375 0.241877109 0.0099011939 -0.0454504304 0.243721306 0.0205909871 -0.0312097911 0.240864709 0.0205606185 -0.0179671533 0.237547994 0.00853784755 -0.0238162577 0.241673723 -0.0236010421 -0.0163955837 0.237202883 -0.00452904077 -0.0253220033 0.237862363 -0.0105879372 -0.0232366938 0.240682527 -0.00487865694 -0.0457896851 0.267640889 0.0432679877 -0.0212415252 0.265404195 0.0390137248 -0.0390497074 0.269806832 -0.0415855981 -0.0379851274 0.256746322 0.037975587 -0.0183460638 0.257556736 0.0341302902 -0.0412551388 0.251159936 0.0332299285 -0.0173616763 0.251346141 0.0282062925 -0.0429364592 0.24446556 0.0290013105 -0.00836995151 0.279712796 0.0499567725 0.0184459332 0.269762039 0.0588596351 0.0115565937 0.265561998 0.0571420863 0.00839349162 0.267215133 0.0480690598 -0.00602786709 0.257941812 0.0517537594 0.00762018096 0.251269668 0.0532444604 0.0141714178 0.251071095 0.0425564274 0.0062365192 0.258106887 0.0438274331 -0.00486646779 0.318552226 -0.0281838719 0.00679139141 0.329901546 -0.0139491195 -0.0217735972 0.325048119 -0.0241624769 -0.0231257826 0.306634367 -0.0364379957 0.011788913 0.299803495 -0.0407161228 -0.00497190421 0.312117428 -0.0373795182 -0.0266181324 0.327022761 -0.00797487237 0.0120543409 0.327795297 -0.00927022565 0.00641037012 0.324696064 -0.00507719582 0.000792603474 0.295975268 -0.0444239713 -0.0309231821 0.281532943 -0.0449509472 -0.0348376781 0.307165027 -0.0404049568 -0.0279093627 0.28765133 -0.0453098975 -0.0164944734 0.248861313 -0.0288267247 -0.0277694389 0.257570714 -0.0346578658 -0.0412673391 0.258691698 -0.0399184301 -0.0182703156 0.246696979 -0.0227625873 -0.0441605113 0.279324412 -0.0476106517 -0.0145517876 0.270727724 -0.0456666797 -0.0169497579 0.260106504 -0.0453458801 -0.0056580985 0.242536008 -0.018803427 -0.0303192995 0.251656711 -0.0400471576 -0.000506054319 0.245383471 -0.0311666857 -0.00410666177 0.269786328 -0.0593128428 0.0106525784 0.281379551 -0.0505370982 0.0107985511 0.261717677 -0.050170809 0.00141337013 0.264472723 -0.0639175698 0.0141071212 0.244626001 -0.0370560214 0.0141758183 0.263014734 -0.0590509102 0.0104045505 0.269947678 -0.0527019352 5.54183425e-05 0.24582459 0.0326661766 0.00107277045 0.245810643 -0.0345601328 0.00565721374 0.277394205 -0.0520888977 0.000323946151 0.253442287 -0.0489366427 0.00868111383 0.252483696 -0.0555596575 0.0138352308 0.258147597 -0.0632596016 0.0141579555 0.213336825 0.0507142432 0.0698548332 0.200604662 0.0476827174 0.0740084425 0.19433023 0.0249404814 0.0813131481 0.20463635 0.0153687522 0.08201994 0.215928867 0.00956462882 0.0556370094 0.205322072 0.0111210691 0.0605745949 0.202946737 0.0395243838 0.0614224151 0.188060507 0.0460952111 0.0752274096 0.198041111 0.00722199446 0.0595871285 0.214285806 0.00631730258 0.0554741658 0.205608711 -0.00748509029 0.0584571324 0.187424883 0.0400736071 0.0651638135 0.186148763 0.0135378987 0.0652216449 0.199244156 0.00631895987 0.0820090547 0.201908723 0.00631149067 0.0888221487 0.200243816 -0.00192831503 0.0880825743 0.17854102 0.0429964848 0.0791964531 0.189378262 -0.00757560041 0.0595950671 0.178226814 0.00645933114 0.0579543188 0.165877134 0.0156226316 0.0649367124 0.183649838 0.0102032041 0.0608670078 0.165334597 0.0237380359 0.078604579 0.177157477 -0.000564314658 0.0802222788 0.170152277 0.0437865332 0.0654313192 0.183285803 0.0390518866 0.082060121 0.163239077 0.0432891399 0.0825636908 0.17562753 0.0472777113 0.0745787546 0.149205878 0.0520513393 0.0725752711 0.162081689 0.0510173626 0.0713410899 0.174877137 -0.00753898872 0.0568897091 0.169126198 0.0110557135 0.057418257 0.158779174 0.00737079 0.048370447 0.156610057 0.0494860448 0.0631171167 0.152561873 0.0296637211 0.0776435956 0.15148668 0.0147027569 0.0545837991 0.148496658 -0.0281749237 0.0764910504 0.158226013 -0.00679233903 0.0476887412 0.15503794 0.0107290754 0.0478710942 0.149745628 0.0573892966 0.0655974746 0.126707181 0.0596797168 0.0486977883 0.134815052 0.0518765263 0.0504728183 0.126654953 0.0431542993 0.0505118109 0.125963986 0.062000785 0.0637538657 0.129541308 0.053014826 0.0790804327 0.135140508 0.0711408556 0.0534319095 0.109781653 0.0647377744 0.0585165024 0.108154915 0.052738525 0.0753346905 0.130677491 0.0789150074 0.0463452339 0.109351568 0.0775212497 0.047593981 0.12396545 0.05290078 0.0793175176 0.121008188 0.0467464924 0.0804623812 0.128506899 0.0833520368 0.0423006676 0.128601432 0.0955086723 0.0204202216 0.128537476 0.0899053887 0.0341183059 0.128613904 0.0719742328 0.0438034162 0.126762778 0.0685921237 0.044143483 0.128602192 0.0204008091 0.0429111943 0.12662369 0.0236831903 0.0442425571 0.130507484 0.02341347 0.045550134 0.137653351 0.0148563245 0.0396281518 0.128703579 0.0096964594 0.034675777 0.145483524 0.00951664243 0.0347163789 0.145654678 -0.00934234541 0.0347671211 0.128653601 -0.00985779986 0.0345055833 0.128600001 -0.0702226013 -0.0569437183 0.127519697 0.0280812215 0.0731436759 0.133469373 0.0341918841 0.0491586514 0.135651439 0.0224154964 0.0510593094 0.141710475 0.0613664091 0.0562443919 0.1447483 0.0454252325 0.0825146586 0.147273734 0.0202925764 0.0594351441 0.0892793164 0.045725476 0.0682014972 0.084404327 0.0393404327 0.0588924512 0.0952594727 0.0379072949 0.0620769598 0.118687391 0.0393307433 0.07407929 0.117377006 0.0279872157 0.0704191774 0.0930919051 -0.0246315692 0.0594926737 0.114512093 -0.0266393907 0.0691637471 0.128599912 0.0758608803 -0.0555841438 0.108096436 0.0962062627 -0.00645145029 0.128293425 0.0967466906 0.0111582158 0.12818566 0.0968601555 -0.0262054745 0.128523394 0.0880282819 -0.0482071415 0.128581658 0.0949246809 -0.0377191268 0.128557041 0.0827602968 -0.0524088442 0.0672693327 0.096693635 -0.0280457921 0.207289472 -0.0392901823 0.0598807447 0.212091804 -0.0187201183 0.0886599347 0.204447418 -0.0117488028 0.0887184814 0.208215207 -0.0191570241 0.0818991065 0.199673027 -0.0296150465 0.0813572332 0.201165929 -0.0364111662 0.080907546 0.210386619 -0.0106569529 0.0584900156 0.205202579 -0.0487398766 0.0735562816 0.217031077 -0.0516250767 0.0707035512 0.199998423 -0.00932140183 0.082082957 0.194731385 -0.0126259914 0.0637207627 0.179863408 -0.0109718479 0.0605914742 0.19408004 -0.0403232761 0.0638061613 0.184026539 -0.0412620008 0.065487437 0.181300327 -0.039794635 0.0820703804 0.188264221 -0.0465612076 0.0754566342 0.181145221 -0.0239856914 0.0803053901 0.179883286 -0.0152920792 0.0655587316 0.16541177 -0.0160249583 0.0648290813 0.160957262 -0.0345847793 0.0800118968 0.173003882 -0.0482578687 0.0741601959 0.158344388 -0.0111882007 0.0507982783 0.168939978 -0.0445694588 0.0653175339 0.13936837 -0.0466145426 0.0823374465 0.173690528 -0.0417089835 0.0824152902 0.157200351 -0.0534175746 0.0696294457 0.128601179 -0.0200268831 0.043100372 0.126638427 -0.0239394307 0.0441666767 0.128590718 -0.0709267631 0.0432739109 0.139573574 -0.0143794529 0.0388286673 0.146971256 -0.0150953615 0.0506793521 0.130594969 -0.0233873725 0.0451967791 0.133669153 -0.034387365 0.0493216552 0.12683323 -0.0344150774 0.0492034778 0.119040318 -0.0477830544 0.0800984874 0.119675338 -0.033828862 0.0724914372 0.121880613 -0.0409202911 0.0761845484 0.149503335 -0.0203255862 0.0603687689 0.139208168 -0.0224658661 0.0543096513 0.143824369 -0.0597524196 0.0574818067 0.128543586 -0.0517525524 0.080632858 0.127522558 -0.0553048439 0.0765901953 0.159255832 -0.0485951006 0.0636581704 0.151801601 -0.0530880764 0.0613284558 0.13655889 -0.0684777498 0.052133508 0.134051338 -0.057157822 0.0498726517 0.125122368 -0.0257760622 0.0727015436 0.102555558 -0.0469861291 0.0739978552 0.0960273743 -0.0395133942 0.0630527288 0.0866727009 -0.038724687 0.0585262589 0.126812577 -0.0564452261 0.0496654809 0.0795691833 -0.04620919 0.0650431663 0.14309071 -0.055766046 0.0692945197 0.141384661 -0.064411141 0.05933192 0.129193529 -0.0812482983 0.0447465889 0.124936514 -0.0633371994 0.0623645522 0.1011336 -0.0664947182 0.056231875 0.0820808262 -0.0680499151 0.0533895977 0.109496541 -0.0784769952 0.0471269377 0.108926833 -0.0531080514 0.0758017525 0.103919126 -0.0607388914 0.0626106486 0.126474977 -0.0685410798 0.0447964109 0.128598318 -0.0974739194 -0.0289859865 0.128548205 -0.0889368281 0.0361296348 0.128558859 -0.0948240906 0.0242517833 0.0524733998 -0.096368134 0.0183140077 0.128543839 -0.0971682593 0.0118613364 0.125640407 -0.0684435144 0.0562904961 0.128585622 0.0692217574 -0.0569921359 -0.12765123 -0.0697655752 -0.056995526 0.120364539 -0.0970465317 -0.00195677765 0.128536403 -0.0801077485 -0.0540902615 -0.127999619 -0.0757205412 -0.055755388 0.128547519 -0.0860562846 -0.0504869185 0.128593802 -0.0955102518 -0.036984928 0.0706778467 0.0441327989 0.0617935918 0.0813688189 0.0366840176 0.0570030324 0.0932182595 0.0272534844 0.0596494675 0.0493324064 0.0448952317 0.0589992255 0.0257073548 0.0402171463 0.0570823923 0.0658817217 0.0501260608 0.0622024164 0.0580519624 0.0580014586 0.0564990453 0.0860296264 0.0616088137 0.0574965365 0.0768248215 0.06646543 0.0537075885 0.0689911395 0.0859227031 0.0397255085 0.0684762821 0.0744171068 0.0495351218 0.0861069933 0.0800799876 0.0455605686 0.0879162699 0.0509049818 0.0683237314 0.106814489 0.0478884578 0.0761259571 0.0822940841 0.0539638065 0.0637966692 0.085581392 0.0743167773 0.0488974601 0.0933166444 0.087345995 0.0377216414 0.0928025395 0.0799757689 0.0430939719 0.093431145 0.0800722316 0.0455203466 0.0862307549 0.0822578371 0.0406053662 0.04834003 0.081662491 0.0431473888 0.0221156087 0.0784264654 0.0467447005 0.0611341447 0.0824217424 0.0433313251 0.092801474 0.073649466 0.0496825613 0.0610098466 0.0735514835 0.0500952415 0.0681517273 0.0845274553 0.0380337834 0.068537496 0.077577129 0.0450215265 0.0271281991 0.0495103151 0.0585546419 0.0615671426 0.0830457807 0.0404057018 0.0479763635 0.089883022 0.0302395467 0.0537556112 0.0940319076 0.0171647687 0.0473098867 0.0957726762 0.0172906388 0.0706371441 0.0927829817 0.0233751871 0.084103018 0.0927357674 0.023113139 0.0698203593 0.0942586213 0.0163008552 0.0862205997 0.0940504968 0.0177405253 0.0816016793 0.0961849913 0.0159469619 0.0469008125 0.0834216475 0.0419786461 0.0538330004 0.0853701085 0.0369521715 0.0456203036 0.086131312 0.0379537269 0.08678969 0.0878317282 0.0333375968 0.0909809768 0.0928180516 0.0228327382 0.0683474764 0.0885977596 0.0322484002 0.0619273931 0.0922648683 0.0245896801 0.0881498307 0.0957944468 0.0187335443 0.0632963404 0.0950248837 0.0223748814 0.0859583616 0.0892972201 0.0349128768 0.092938669 0.0928111672 0.0282008126 0.0926770344 0.0881382599 0.0329800881 0.0838546529 0.0942203552 0.0246859789 0.0687964335 0.0915670618 0.0308101997 0.0608414561 0.0896007419 0.0344454236 0.0716990232 0.096158132 0.0166371539 0.0539670922 0.0962062106 0.016433334 0.0545516424 0.0825365558 0.0428195409 0.0546408147 0.0918656066 0.0306349695 0.0736170262 0.0945776626 0.0234136116 0.0539120808 0.0910472646 0.0274764039 0.047618527 0.0915317684 0.0310910214 -0.0178727098 0.0963135287 0.0160802864 0.021369474 0.0936601087 0.0260372441 0.0193244144 0.0940544158 0.0162990578 0.0208420493 0.0898593292 0.0302189235 0.0205445867 0.0823787525 0.0433644801 0.0281852465 0.0856601223 0.0398196317 0.0214679837 0.0891131535 0.0350755863 0.0201346017 0.0729278773 0.0504636914 -0.107482977 0.0713139102 0.0514784642 0.03363204 0.0817651451 0.0432987772 0.0291581359 0.0843493044 0.0383193456 0.0279717967 0.0953445137 0.0172261465 0.0212736055 0.0961426049 0.0168484226 0.0278209392 0.0925931782 0.0287889037 0.0352800265 0.0937105194 0.0260127187 0.035530813 0.0874750912 0.0377657637 0.0344313122 0.0961887762 0.0163420476 0.0283883866 0.0906955078 0.0282455925 0.0345353186 0.0899262726 0.0299537275 0.0345351174 0.0940107554 0.017738713 0.0429455414 0.0807853714 0.0421450101 0.0358774886 0.0848364383 0.0377015844 0.0208986886 0.0815230235 0.0416869037 0.0144598857 0.085973464 0.0361590683 0.0216245484 0.0747966841 0.0469820984 0.0146330539 0.0726568103 0.0483437888 0.0164732337 0.0780960843 0.0444834903 0.0148317553 0.0815722793 0.0429177918 -0.00154733565 0.0860564858 0.0366140455 -0.00870550796 0.0852192938 0.039075885 0.00438989466 0.0796275064 0.0432651304 -0.00182884804 0.0928298607 0.022741504 0.00063896412 0.0942463875 0.0162774716 -0.00815479457 0.0951652825 0.0165257268 -0.00245561474 0.0818945393 0.0437953249 -0.00184361485 0.0781510025 0.0444793515 -0.00850297604 0.0817240849 0.0432795323 0.00883671921 0.0854088143 0.0390175134 0.0086886771 0.0817640275 0.0426837876 0.00504281605 0.0817343369 0.0438927561 0.00494152121 0.0764594302 0.0476207919 -0.00198541093 0.0763190836 0.0483032763 -0.0412652977 0.0518296398 0.0578420572 -0.0165060256 0.0808644295 0.0447828285 0.00404371321 0.0924936682 0.0236496571 0.00195195724 0.0960953161 0.0172062684 0.00519926241 0.0925680473 0.028894078 0.013973698 0.0881515071 0.0366461016 0.00523479003 0.0865057334 0.0387438871 -0.0136238234 0.0922374874 0.0288474187 -0.0139635243 0.0953438133 0.0172230136 -0.00223920913 0.0939090177 0.0261074919 -0.00795531366 0.0938756391 0.0214994568 0.00432287483 0.0867836922 0.035148602 0.0132413404 0.074659735 0.0494239964 0.0139218513 0.0958596691 0.0177206248 -0.0136741865 0.0884673968 0.036146421 0.0140061518 0.0934816748 0.0265787095 -0.00209038262 0.0864290223 0.0389046185 -0.0142868841 0.0819302946 0.042853158 0.0145760421 0.0912353471 0.0272204094 0.0632581711 0.0937533751 -0.0180351753 0.10971944 0.0955437124 -0.0208909865 0.0672583058 0.0940232202 -0.0230088159 0.0464516096 0.0965437368 -0.000381617894 -0.127980784 0.0840800181 -0.0514934398 -0.127996236 0.0956740528 -0.0352492481 -0.127910808 0.0932065845 -0.0411836468 -0.0807692185 0.0966451168 -0.00499090552 0.00776468357 0.0950992703 -0.020888323 -0.127995476 0.0695999935 -0.0569295734 -0.127976462 0.0968784988 -0.0262910984 0.0494980812 -0.0483334921 0.0602081083 0.0817597881 -0.0366633832 0.0570326149 0.081133984 -0.0526351109 0.0651551485 0.0643494725 -0.051759515 0.0612273738 0.0492915623 -0.0570225492 0.0568027347 0.0595595576 -0.0741107836 0.0500474609 0.0528870001 -0.0760756955 0.0464434437 0.0429282375 -0.0747102797 0.0480052195 0.0525630154 -0.078802079 0.0469675772 0.0428712033 -0.0880148411 0.037398804 0.0495400578 -0.0833858103 0.0401890688 0.0598414764 -0.0757641643 0.0467276722 0.0567839295 -0.0835090578 0.0398439281 0.0596460439 -0.0819548666 0.0441985242 0.052107878 -0.0689425692 0.0527901947 0.0410683155 -0.0699042976 0.0500671528 0.055346936 -0.0704451203 0.0497912057 0.054360345 -0.0943277627 0.0252023023 0.0272068195 -0.0928911492 0.0236701649 0.0523552671 -0.0943097696 0.0179325026 0.0480564944 -0.0886051878 0.0331849121 0.0460587665 -0.0910688117 0.0325963087 0.0537896641 -0.0873497277 0.0381567925 0.0373666659 -0.0943602622 0.025476817 0.00347916619 -0.0493930653 0.0580399483 0.0275946669 -0.0942148343 0.0259351619 0.0370250307 -0.0895430371 0.0313415378 0.0240680613 -0.0963283628 0.0182148442 0.0228975192 -0.0913345516 0.0324072205 0.0168222934 -0.0949822739 0.0233778395 0.0260802582 -0.0943020135 0.017782554 0.00939084962 -0.0964536741 0.0178279858 0.0223721601 -0.0835379511 0.0425814651 0.0339140743 -0.075379163 0.0467402339 0.0321534984 -0.0782684609 0.0473172851 0.037283577 -0.0802280009 0.0455463305 0.04076159 -0.0707327798 0.0519436859 -0.0147935627 -0.0711185485 0.0517343469 0.0383928269 -0.0926578566 0.0248201452 0.0180644207 -0.0800324529 0.0458062887 0.0171472989 -0.0789181218 0.0440756008 0.0166339129 -0.0934364572 0.0225834772 0.0226576142 -0.083668381 0.0397873521 0.0148655763 -0.0839550346 0.0393911116 0.0152036734 -0.0887926146 0.0359598882 -0.0112943016 -0.0859279931 0.0401657112 -0.0155676547 -0.0932540148 0.0282264035 -0.00861682184 -0.0930238143 0.0287438594 -0.0591571964 -0.0631186888 0.0550573505 -0.00640898803 -0.0954189003 0.0214131232 -0.0350936726 -0.0965234414 0.0171608049 -0.00241778535 -0.0947479531 0.0175777972 -0.000899828214 -0.0917264596 0.031423118 0.0105480058 -0.0942147076 0.0260825697 -0.0103607858 -0.0765291825 0.0459590033 -0.00960455742 -0.0777704567 0.0476420708 0.0136624537 -0.0912218168 0.0283533763 0.00386699825 -0.0795403495 0.0464179367 -0.00740550552 -0.088768132 0.0361650214 -0.00527288578 -0.0853284523 0.0377409421 0.00350624672 -0.0834920704 0.0399970859 0.003593378 -0.0854470208 0.0406218581 0.0137029486 -0.0844033211 0.0415963456 -0.00111462106 -0.0912878066 0.0277208053 0.00288128667 -0.0936241671 0.0227930062 -0.127947494 -0.0972432271 0.0105220787 0.00880251173 -0.0944653079 0.0172861237 0.00288773933 -0.0793744922 0.0437892266 -0.0079593407 -0.0910113156 0.0285334773 0.0530054532 -0.0970047265 0.000374553521 0.0692361891 -0.0947448388 -0.0234803669 0.0790438354 -0.0972215682 -0.0277273506 -0.127984866 -0.0971482843 -0.0299306326 -0.0744780898 -0.0969764814 -0.00636787433 0.0108689787 -0.0955119953 -0.0216255952 -0.0839710161 -0.0969979614 -0.0257833488 -0.127978548 -0.083199203 -0.0525188521 -0.0441533998 0.0476563014 0.0579250641 -0.127871066 0.0465552732 0.0569785498 -0.127960742 -0.0430052727 0.0570004247 -0.0388625674 0.0957277343 0.0189660173 -0.0420198366 0.094124794 0.0171460472 -0.0352419838 0.0922277793 0.0242748838 -0.0301344395 0.0815564543 0.043743629 -0.0433920957 0.081976667 0.0436070114 -0.0351391025 0.0868650153 0.0383914039 -0.0446569547 0.0802751109 0.0425725095 -0.0143742673 0.0925464779 0.02360457 -0.0222744625 0.0877548903 0.0372716114 -0.0211831927 0.093562685 0.0263725519 -0.0341726989 0.0933972523 0.0269580856 -0.0218410864 0.0859996676 0.0365334451 -0.0206807628 0.092297785 0.0243345145 -0.0212228354 0.0829056576 0.0426294431 -0.0208642296 0.0824538022 0.0405952297 -0.0298009478 0.0859897807 0.0389900915 -0.0343233123 0.0875594318 0.0340494886 -0.0209374819 0.0958269313 0.0177680627 -0.0410310701 0.0909927562 0.0294862799 -0.0407530256 0.0883421078 0.0344831422 -0.0445166826 0.0841059908 0.0387205929 -0.0538348705 0.0836829767 0.0386767611 -0.0539872646 0.0941653997 0.0160329323 -0.0605258048 0.0921668708 0.0240674466 -0.0524693467 0.0935974866 0.022528952 -0.0539771244 0.0881180242 0.0338924751 -0.0600354485 0.0899177566 0.0295547061 -0.127940401 0.0765088499 0.0482696407 -0.0650603399 0.0914630964 0.0310301129 -0.0681446195 0.0929051414 0.0220508166 -0.0655667633 0.088780269 0.0320864692 -0.0667990372 0.0866285563 0.0385219567 -0.0604596287 0.0925180763 0.0290023107 -0.0684198961 0.0952023566 0.0213382654 -0.0719425827 0.0814391226 0.0415425636 -0.0596607104 0.0861917213 0.0385453142 -0.0487690754 0.0857631862 0.0397330597 -0.127981052 0.0608165897 0.0625794157 -0.127992213 0.0896956399 0.0342957787 -0.127875939 0.0669130981 0.0581634864 -0.0893846676 0.0623757355 0.0565336682 -0.0978488103 0.0550275519 0.0606424361 -0.127767593 0.0834534988 0.042221088 -0.0726929232 0.0888634399 0.035453558 -0.0842535272 0.0879903585 0.0368648693 -0.0760759488 0.084622182 0.0388381109 -0.0719812587 0.0883246437 0.0325441733 -0.0854594335 0.0881851465 0.0329290405 -0.0802704468 0.0807275251 0.0447688289 -0.0857745931 0.081644617 0.0413030013 -0.127972588 0.0566984676 0.0620053075 -0.127941936 0.0505506806 0.0578988343 -0.0914780572 0.0868714899 0.0380924977 -0.0917386338 0.0899016485 0.0296156462 -0.0921293423 0.0925243273 0.0291193742 -0.0889309347 0.0843738168 0.0411964022 -0.0842725188 0.0849526003 0.037303485 -0.0875056386 0.0958410352 0.0182960648 -0.127965018 0.0949290842 0.022664642 -0.0911592022 0.092030853 0.0240683407 -0.0851708502 0.0939261243 0.0253080036 -0.0819327533 0.0934193283 0.020810701 -0.127996147 0.0967289656 0.0115790553 -0.0748170242 0.0941382721 0.0240435917 -0.0723622069 0.0908179581 0.0293862671 -0.0749702081 0.0962190554 0.0161793884 -0.0825624764 0.0942076072 0.0153731583 -0.0721364915 0.0940384716 0.0173233021 -0.127734587 0.0903086364 -0.0456231274 -0.127950191 0.0772832781 -0.0551690571 -0.127869055 -0.050290253 0.0576615669 -0.0757431239 -0.051875297 0.0592230968 -0.0453163423 -0.0509590954 0.0584208369 -0.0139098279 -0.0407811031 0.0570045784 -0.0361820161 -0.0728511959 0.05079652 -0.0445840992 -0.0800659433 0.0458658598 -0.0349788815 -0.071123071 0.0494587161 -0.0369508266 -0.0796013251 0.0437238552 -0.0405136608 -0.0863155425 0.0364207365 -0.0400681756 -0.0876615569 0.0378385708 -0.0392549448 -0.093251422 0.028103359 -0.0287987813 -0.0897464976 0.0341607481 -0.0368186608 -0.0814733952 0.0445867479 -0.0270219911 -0.0852527991 0.0396054462 -0.0192014929 -0.0934142694 0.022710029 -0.0278747547 -0.0944880173 0.0169833545 -0.0248599686 -0.0961564183 0.0190236811 -0.0262414552 -0.0944972262 0.0258179829 -0.0393047556 -0.0923230797 0.0258918833 -0.0246588308 -0.0926746726 0.024643084 -0.0122765778 -0.0850900635 0.0379708558 -0.0185543764 -0.0785237253 0.0469558463 -0.0276488774 -0.0756992772 0.0491550043 -0.0289065391 -0.0744300485 0.0475641228 -0.0183272175 -0.0758654028 0.0464443006 -0.026896771 -0.0689501464 0.0525553972 -0.0151503682 -0.0706585124 0.0497612432 -0.0201171041 -0.0885641649 0.033595562 -0.0413926095 -0.0943603292 0.018107919 -0.0454520322 -0.0813776255 0.0420991778 -0.0850277692 -0.0582052842 0.0586312972 -0.093443498 -0.0672285706 0.0538495854 -0.117410585 -0.0746913701 0.0497965142 -0.127937555 -0.0866646841 0.0391362086 -0.0480605774 -0.0863397345 0.0394916013 -0.0444401428 -0.0956635326 0.0211152211 -0.0459342115 -0.0929554701 0.0232438277 -0.0479355864 -0.0937513188 0.0269339122 -0.0483621396 -0.0890911669 0.0323023312 -0.0489251986 -0.0906056687 0.0333658755 -0.12791799 -0.0581868514 0.0625375807 -0.127940506 -0.0637834221 0.0613887645 -0.127997756 -0.09327773 0.0282599349 -0.12796852 -0.075013347 0.0500560664 -0.127983093 -0.0961991772 0.0189257916 -0.127994508 -0.0948706344 -0.0386830457 -0.127929434 -0.0901234224 -0.0464196764 0.261974007 -0.0563308112 0.040602006 0.245392472 0.0349718295 0.009622504 0.140976354 0.0645397604 0.0591314584 0.126780152 0.0310196523 0.0480777696 0.132560641 0.0364064537 0.0767681897 0.103513889 -0.0956778154 -0.0180577841 0.0623103008 -0.0943092331 -0.0176519863 0.128573254 -0.0917861909 -0.0441919863 -0.0648247302 0.063829124 0.054662548 -0.0545877889 0.0961620584 0.0167311057 -0.0142670209 0.0857561231 0.0364601612 -0.0434017964 0.0940008089 0.0235655662 -0.0538205355 0.0823910311 0.0432285406 -0.121651016 -0.0366129205 -0.0739640594 -0.117178798 -0.0341005027 -0.0743942335 -0.124377273 -0.0421314314 -0.0737013593 -0.124402069 -0.0500359908 -0.0736990571 -0.127522573 -0.0555439182 -0.0569999926 -0.127932593 -0.0537234657 -0.0569999889 -0.122335926 0.0609894469 -0.0569999702 -0.124581642 0.0595541708 -0.0569999777 -0.127941206 0.0533867143 -0.056999974 -0.116240785 -0.0584552921 -0.0744848624 -0.122761905 -0.0612375736 -0.0569999814 -0.119729787 -0.0572196953 -0.0741486549 -0.0987892449 -0.0568397194 -0.0761651546 -0.0928300247 -0.0595147982 -0.0569999926 -0.0971037373 -0.0619933456 -0.0569999926 -0.090739727 -0.0562998913 -0.0569999926 -0.0964133516 -0.0547325648 -0.0763938054 -0.0943334401 -0.0507879294 -0.0765947104 -0.0912749171 -0.0384586602 -0.0619999953 -0.094238013 -0.0430264249 -0.0766033828 -0.0947970301 -0.0405636691 -0.0765501112 -0.0933243409 -0.0344962627 -0.0619999766 -0.0900750607 -0.0536875539 -0.0569999926 -0.0902177542 0.054591082 -0.0569999814 -0.0911420435 0.0393479206 -0.0620009899 -0.0952710733 0.0525570922 -0.0765045211 -0.0912753865 0.0569873825 -0.0569999777 -0.0969729051 0.0548760109 -0.0763398632 -0.0928612202 0.0589840449 -0.0569999814 -0.0990000293 0.0565424114 -0.0761449188 -0.0943302289 0.0500427224 -0.0765947402 -0.101980299 0.0577113144 -0.0758580714 -0.0979225412 0.061713025 -0.056999974 -0.11924848 0.0617855676 -0.056999974 -0.116389431 0.0579794608 -0.0744705796 -0.126865685 -0.0395558402 -0.0619999766 -0.126891255 0.0394737981 -0.0619999506 -0.126096562 -0.0368859097 -0.0619999804 -0.124096192 -0.0340032093 -0.0619999729 -0.123722747 -0.0397440381 -0.0737643018 -0.121347494 -0.0321086831 -0.0619999655 -0.11831861 -0.0312958732 -0.0619999729 -0.102680877 -0.0342212953 -0.0757905096 -0.0997236222 -0.0312911645 -0.0619999692 -0.0997620299 -0.0350765213 -0.0760710835 -0.0974734128 -0.0366052687 -0.0762922317 -0.124191768 0.040352121 -0.0737191364 -0.124384537 0.0497753099 -0.0737006515 -0.126209661 0.0367554761 -0.0619999729 -0.122103535 0.0367113203 -0.0739200935 -0.124147274 0.0335820392 -0.0619999804 -0.0950860232 0.0326474123 -0.0619999692 -0.0981768444 0.0310174506 -0.0619999543 -0.0974560976 0.0361772552 -0.0762937143 -0.10145124 0.0339254402 -0.0759088323 -0.119729713 0.0347862765 -0.074148789 -0.0948710814 0.039785102 -0.0765431374 -0.09173619 0.0367416777 -0.0619999655 -0.093805857 0.0337232575 -0.0619999804 -0.126608789 0.0571652316 -0.0570000298 -0.123722658 0.0522621311 -0.0737642944 -0.127523571 0.0550937802 -0.056999974 -0.122041307 0.0549164675 -0.0739263371 -0.119725659 0.0567772761 -0.0741490275 -0.126941726 -0.0569633581 -0.0569999926 -0.123606451 -0.0529766157 -0.0737754703 -0.125698149 -0.0588867143 -0.0569999963 -0.122103475 -0.0552946851 -0.0739201009 -0.0960011706 -0.0383127704 -0.0764340386 -0.102094524 -0.0581836365 -0.0758472905 -0.12025547 -0.0621249191 -0.0569999889 -0.0950879827 0.0607024394 -0.0569999702 -0.0964612439 -0.0322300009 -0.0619999692 -0.118316151 0.0308501553 -0.0619999692 -0.120959789 0.0315157138 -0.0619999692 -0.094215259 0.042936448 -0.0766054466 -0.116427392 0.0335702747 -0.0744668618 0.238980159 0.0144386543 -0.044117447 0.239925951 0.0136275655 -0.0387088694 0.241029665 0.00906564575 -0.0435555764 0.228130102 0.0147422366 -0.0468975753 0.219763607 0.0131553188 -0.0492872186 0.239518315 0.000703451631 -0.03902632 0.229824677 0.00233319704 -0.0413338915 0.240591139 -0.0126506221 -0.0385321528 0.220262393 0.00252474891 -0.0438146666 0.228947192 0.0147361588 -0.0417558104 0.21433048 0.0147495624 -0.0456332266 0.219017759 0.0147251775 -0.0528690368 0.224288046 0.0021555298 -0.0383730382 0.214017347 -0.00545801921 -0.0507480949 0.214061871 0.00448826374 -0.0502206013 0.197603554 0.0147316623 -0.0501063615 0.204751417 0.00907060783 -0.0480407849 0.20123519 0.0147801125 -0.0557705797 0.218280315 0.0125086838 -0.0530355871 0.203902006 0.0126889795 -0.0553241968 0.203119263 0.0118642049 -0.0537286252 0.214658722 0.00617253268 -0.0453617908 0.176150814 0.00576915918 -0.0492686071 0.220385939 -0.00256927893 -0.0404338501 0.227015331 -0.0026111824 -0.0386171229 0.211645693 -0.0028782764 -0.0452840999 0.228477791 -0.00318769016 -0.0417355224 0.21291551 -0.00782428589 -0.0458056107 0.237886027 -0.0151932426 -0.0442750603 0.219445214 -0.0126000019 -0.0495707132 0.208964124 -0.0152060967 -0.0470292531 0.233818889 -0.0153412484 -0.0403188094 0.216005355 0.00203007367 -0.0426232703 0.195430458 -0.0076232492 -0.0475027338 0.209405407 -0.012557256 -0.0525800809 0.202367112 -0.0124428049 -0.0541869923 0.19104968 -0.00499203894 -0.0526605807 0.197538197 -0.00606288761 -0.0551611595 0.219430059 -0.0151535142 -0.0524994507 0.200896502 -0.0152128609 -0.0558122173 0.241354868 -0.0109612625 -0.0434395261 0.165576369 0.0156640578 -0.0540436953 0.185292542 0.0144809037 -0.0588112064 0.159574747 0.0167548507 -0.0589681566 0.184112787 0.0147180529 -0.0538043715 0.158519238 0.0115084928 -0.053878326 0.189374298 0.00997028686 -0.0522229373 0.176421151 -0.0151324281 -0.0542005226 0.163099945 -0.0164315552 -0.0589407422 0.185982779 -0.0151007082 -0.0586530343 0.156028181 -0.0125437845 -0.0538706966 0.182348549 -0.0107663115 -0.0539784618 0.190256834 -0.0152154788 -0.0520971976 0.182339609 -0.006463998 -0.0589041822 0.195041388 -0.012460419 -0.0562569238 0.195636734 -0.0100644529 -0.0504488647 0.166961253 -0.00773077598 -0.0503946804 0.190621465 0.0046811346 -0.0527245253 0.17602329 0.00501379604 -0.0543227568 0.185453668 0.00599046377 -0.0584584475 0.203572571 0.00543759763 -0.0535385758 0.147871479 -0.00983574335 -0.0574177131 0.160711199 -0.00801135693 -0.0589606352 0.14812398 -0.010832048 -0.0589626767 0.133806765 -0.0157906748 -0.0539851449 0.12577793 -0.0281083565 -0.0540132299 0.139536247 -0.0231633075 -0.0540170111 0.128202662 -0.0280130915 -0.0589742549 0.138852686 -0.0234492291 -0.0589892641 0.13741453 -0.0126898196 -0.0587104931 0.149039865 -0.0198741965 -0.0589520223 0.128180087 0.0275880396 -0.0590332262 0.134212151 0.000484044722 -0.0589078441 0.155814528 -0.0179106984 -0.0540404655 0.158286646 -0.00719474582 -0.0563155562 0.151140094 0.0186774936 -0.0540497229 0.158846512 0.00677778851 -0.056248676 0.146435916 0.0111637302 -0.0525562465 0.176831663 0.00866589323 -0.0506972447 0.141598597 0.021835044 -0.0589710735 0.15874517 0.0074532493 -0.058942657 0.137028396 0.0150034949 -0.0539832339 0.14056839 0.0120325098 -0.0584859736 0.137187675 0.0236655176 -0.0540203117 0.128497913 0.0273908544 -0.054021433 0.0897283107 0.0276055988 -0.0540129915 0.0896054804 0.0276540425 -0.0589961335 0.0896920934 -0.0281284582 -0.0540091321 0.0896503404 -0.0281520821 -0.0589394867 0.171649933 -0.00566981547 -0.0548054315 0.325352579 0.0223194342 -0.0248891059 0.329272717 0.0142047256 -0.0230743829 0.325188965 0.0159791764 -0.0281947292 0.32587108 0.0166147351 -0.0321392752 0.327975869 0.00931399688 -0.03134064 0.323607802 0.0232361481 -0.0357276499 0.329147041 0.0106942775 -0.0345104076 0.33015275 -0.0038910578 -0.0342398509 0.327978581 0.000605898444 -0.0271827783 0.319547772 0.0308794528 -0.0247837808 0.326391578 0.0205400418 -0.0228926111 0.316093296 0.0302109234 -0.0307261758 0.315447539 0.0329164788 -0.0381500386 0.31798473 0.0295052193 -0.0349120013 0.306932271 0.0401655957 -0.0281270463 0.313040286 0.0358088836 -0.0265076496 0.266893774 0.0392960832 -0.0387738198 0.307545424 0.0368783474 -0.0340210348 0.305494756 0.0393152311 -0.0408500917 0.299734861 0.0426616482 -0.0301977769 0.289984912 0.0430373885 -0.0376689062 0.28475216 0.044227533 -0.0340581648 0.292802811 0.0441198051 -0.0319173522 0.298235536 0.0421062745 -0.0427917093 0.291575372 0.0429637879 -0.0418739803 0.285271168 0.0431167111 -0.0461895317 0.282333255 0.0425438546 -0.042909462 0.276548117 0.0415875837 -0.0485959798 0.246463284 0.00404239865 -0.0566702858 0.327454448 0.0121110631 -0.0225490425 0.305573851 -0.0410961621 -0.0284324102 0.327520907 -0.0127395149 -0.0225733519 0.326980233 -0.0143081555 -0.0314665809 0.326842457 -0.0175745189 -0.0351055674 0.325463563 -0.0158374626 -0.0280783512 0.329409242 -0.0147408713 -0.0228643883 0.326398522 -0.0209781472 -0.0228776615 0.324396014 -0.0241702572 -0.0252882428 0.307991356 -0.037817318 -0.0370181948 0.302054644 -0.0412107185 -0.0416492894 0.310346693 -0.0370632187 -0.0395501256 0.270275712 -0.0397435725 -0.0502834469 0.314922929 -0.033016447 -0.0356244221 0.318625957 -0.0276123397 -0.0298690684 0.318104565 -0.0322890021 -0.0250821803 0.301368445 -0.0406489559 -0.0342721455 0.311492115 -0.0347437598 -0.0317153111 0.315651059 -0.0343715139 -0.0271931328 0.317094952 -0.0314153433 -0.0376939587 0.322438449 -0.0252971053 -0.0362626985 0.320989996 -0.0259134192 -0.0332407318 0.294338554 -0.0443532057 -0.0322158933 0.287893593 -0.0432398655 -0.0398540832 0.301510036 -0.040822681 -0.038514331 0.293768555 -0.0433240868 -0.0438975953 0.281621367 -0.0433875248 -0.0471062772 0.259432375 -0.031938456 -0.0531962924 0.286455929 -0.0447980948 -0.0335392691 0.276070714 -0.0432209522 -0.0365232341 0.273907483 -0.0412949212 -0.0461661033 0.254573762 0.0268987305 -0.0487620868 0.258580744 0.0308581553 -0.0533251092 0.252171874 0.0222133435 -0.0551295988 0.263299763 0.0351586863 -0.0466608368 0.266236097 0.0370110236 -0.0512347259 0.248868227 0.0245284941 -0.0437740795 0.249929845 0.019672554 -0.0495657995 0.255961031 0.0323912129 -0.0417080559 0.269538254 0.0387519076 -0.0458458364 0.275806308 0.0427887626 -0.0366474576 0.24879007 0.0149609344 -0.0559901409 0.243282944 0.0149784274 -0.0451189764 0.251811773 -0.0288290493 -0.0428252555 0.247635379 0.0150171556 -0.0496225059 0.240828887 0.014792555 -0.0436567143 0.239523709 0.00496231997 -0.0440085828 0.246162623 0.0146736223 -0.0553820282 0.233710453 0.0147177819 -0.0536083542 0.246263474 -0.0151156578 -0.0553627126 0.224516913 0.0145000033 -0.0480372496 0.219742239 0.00918668602 -0.0492742471 0.225364357 0.0143088708 -0.0530963801 0.227224767 -0.0152024971 -0.0530708805 0.22072491 0.00944257062 -0.0529849119 0.267114997 -0.0397580154 -0.0387254059 0.260050535 -0.0356912501 -0.0406419449 0.260811865 -0.0338111632 -0.0493582897 0.251732647 -0.022210557 -0.055241622 0.252433658 -0.0258030705 -0.0474950261 0.25294441 -0.0249033831 -0.0510546789 0.243613079 -0.0152797326 -0.0451975055 0.246381998 -0.0212264657 -0.0443324819 0.240185156 -0.000225304597 -0.0458680838 0.241762832 -0.0106783807 -0.0453636833 0.240135223 -0.0091096824 -0.0438024662 0.241544947 -0.0152286133 -0.0435164943 0.246738598 -0.00508372113 -0.0565624461 0.248895466 -0.0154716168 -0.0558998063 0.225939378 -0.0151647264 -0.0477474108 0.220789224 -0.0100098597 -0.0530821905 0.220261782 -0.0112326145 -0.0491336398 0.303773135 0.0394505449 -0.0377144553 0.128536522 -0.0583385378 -0.0569999926 0.0888109878 0.0240517724 -0.0569999814 0.0888291523 -0.0244276263 -0.0569999889 0.0923944041 -0.0371293351 -0.0934734866 0.0837714747 -0.0305508804 -0.057000313 0.0853504017 -0.028661605 -0.0570004024 0.0947996974 -0.0351942442 -0.093705073 0.0911997035 -0.0272203721 -0.0619999729 0.096892111 -0.034342587 -0.0939071104 0.0900685415 -0.0424036495 -0.0932498127 0.0881581083 -0.0283911638 -0.0619998574 0.0907605588 -0.0396950729 -0.0933160856 0.0828105733 -0.0326891057 -0.0570001081 0.116358638 -0.0361176394 -0.0957810283 0.114447445 -0.0349546634 -0.0955974162 0.122819088 -0.0284314416 -0.0619999692 0.119782984 -0.0272484533 -0.0619999729 0.111559048 -0.0342009291 -0.0953192264 0.125185758 -0.0304019041 -0.0619999692 0.119551964 0.0398055278 -0.0960885063 0.127067015 0.0333722793 -0.0619999692 0.126136333 0.0312681422 -0.0619999692 0.118200786 0.037475571 -0.0959586799 0.127490982 0.0352743454 -0.0619999655 0.120236851 0.0426208079 -0.0961543322 0.11882738 0.0531919561 -0.0960185975 0.119815275 0.0509388335 -0.0961139798 0.111834519 0.0577780642 -0.0953457206 0.128563553 0.0572299249 -0.0569999702 0.120218091 0.0491185263 -0.0961526632 0.11696779 0.055427067 -0.0958397612 0.12266171 0.0652508587 -0.056999974 0.12522012 0.0636808202 -0.056999974 0.0909550637 0.0659341365 -0.056999974 0.0968891904 0.057662636 -0.0939068049 0.0881439298 0.0651974678 -0.056999974 0.127806544 0.0601798296 -0.056999974 0.126753822 0.061978668 -0.056999974 0.11427591 0.057119716 -0.0955808908 0.0946804956 0.0567453876 -0.093693547 0.0923518836 0.0548319556 -0.0934693813 0.08563108 0.0636304244 -0.0569999702 0.0837389603 0.061393369 -0.056999974 0.0828200132 0.0322145559 -0.0570003316 0.0823899433 0.0340590626 -0.0569999963 0.0907451808 0.0392943844 -0.0933144763 0.0838136896 0.0300434697 -0.0570002832 0.0923816934 0.0366953984 -0.0934723094 0.124700218 0.0294823386 -0.0619999692 0.11635723 0.0356719159 -0.0957808644 0.122751534 0.0279523488 -0.0619999655 0.114345662 0.0344669037 -0.0955876485 0.119757488 0.0267860964 -0.0619999655 0.111777298 0.0337751061 -0.0953401253 0.0914262831 0.0267385915 -0.0619999692 0.0968906283 0.0338983461 -0.093906939 0.098834157 0.0335155763 -0.0940937623 0.0881916434 0.0279277284 -0.0619998686 0.0947107449 0.034798298 -0.0936963707 0.0853425264 0.0282233804 -0.0570003018 0.0877922401 0.0262804329 -0.0569999814 0.0898093134 0.0256753229 -0.0619999655 0.0897775814 -0.0261836257 -0.0619999692 0.116982967 -0.0558566749 -0.0958413184 0.118935294 -0.0534587316 -0.0960289985 0.127125069 -0.0619189702 -0.0569999889 0.122676082 -0.0656871274 -0.0569999926 0.125173092 -0.0641674101 -0.0569999926 0.120013468 -0.0663706139 -0.0569999926 0.11426679 -0.0575713255 -0.0955800712 0.0968911126 -0.0581075884 -0.0939070135 0.0908912048 -0.0663690269 -0.0569999926 0.088420704 -0.065756239 -0.0569999963 0.0929200351 -0.0558224842 -0.0935239866 0.0843596682 -0.0627042502 -0.0569999926 0.0914749578 -0.0541073009 -0.0933854058 0.0900679454 -0.0500416681 -0.0932497233 0.0905042961 -0.0519826375 -0.093291007 0.0823732987 -0.0578542687 -0.0569999889 0.119815215 -0.0513828397 -0.0961139947 0.12679942 -0.0330049992 -0.0619999692 0.120227121 -0.0429419801 -0.0961535573 0.119647361 -0.0405076593 -0.0960977897 0.118050814 -0.0377146192 -0.0959441289 0.0877927765 -0.0267243832 -0.0569999963 0.0823783204 -0.0345706753 -0.0570000224 0.0863184631 -0.0645764619 -0.0569999963 0.083063215 -0.0605142936 -0.0569999926 0.119911753 0.0659389868 -0.056999974 0.0824348032 0.0580889881 -0.0569999702 0.127497852 -0.0357922167 -0.0619999841 0.0988571942 -0.0339568183 -0.0940958932 0.0988625064 -0.0584929511 -0.0940965116 0.12020655 -0.0496291257 -0.0961513966 0.111770526 -0.0582311749 -0.095339492 0.0948619917 -0.0572894812 -0.0937110111 0.0900646597 0.0419861898 -0.0932492763 0.0900700092 0.0496220216 -0.0932499394 0.0988361984 0.0580460243 -0.0940938517 0.090780206 0.052346047 -0.0933179706 0.326263994 -0.00535332505 0.0429999903 0.326400369 -0.00333598326 0.0471485555 0.326413989 0.000988636399 0.0479912199 0.326414019 0.00494807586 0.0443121232 0.32639733 0.00329147046 0.0392885208 0.326430678 0.000518177927 0.0379801244 0.326420009 -0.0036362859 0.0390201844 0.326564014 -0.00531965448 0.04384882 0.327066392 0.00543671986 0.0476483442 0.322564006 0.00283857412 0.0500154346 0.327057451 -0.000854615879 0.0501207709 0.322564006 0.00699044019 0.0422107168 0.322564006 0.00161976495 0.0356607735 0.322563976 -0.00662753684 0.0393216461 0.322563976 -0.00617449684 0.0473717414 0.327043384 -0.00627551042 0.047037866 0.327045172 0.00664415583 0.041278027 0.327049285 -0.0066826893 0.0394397452 0.327050745 -0.000853270059 0.0358697101 0.327046275 0.00411794381 0.0374028347 0.326763988 0.00290792785 0.0147140622 0.32645148 -0.00833741017 0.00670898147 0.326293409 -0.00626844587 0.00141548074 0.326041788 -0.00723646628 0.0110904798 0.326157928 0.00699639414 0.0112400819 0.326130658 0.000956105592 -0.00131526869 0.326763988 -0.00368597219 0.0143740429 0.325764 -0.00140898721 0.0153569039 0.326763988 0.00688686687 0.00237485324 0.325764 0.00729146041 0.00372215663 0.316616297 -0.0321322978 -0.0744055882 0.308088273 -0.0353939384 -0.0421098396 0.317317784 -0.0354708359 -0.0769340321 0.329595208 -0.015318905 -0.0671426058 0.325187594 -0.0192703344 -0.0375742689 0.32807228 -0.0192958079 -0.0715500116 0.324231386 -0.0192742832 -0.062771976 0.323875308 -0.0153446337 -0.0553529747 0.317176133 -0.0156664904 -0.0784684941 0.304173976 -0.0358953513 -0.043984022 0.313825846 -0.0153339412 -0.0909418836 0.314406425 -0.0195131488 -0.0830851719 0.313262731 -0.0331994146 -0.0775601044 0.290638268 -0.0421894193 -0.0469256714 0.288378805 -0.0423423611 -0.0540109277 0.301745385 -0.0387885682 -0.0883156881 0.301306874 -0.0196228232 -0.0898076594 0.297080785 -0.0344827436 -0.086412102 0.299865633 -0.0350679196 -0.0814244747 0.303738534 -0.0193191376 -0.0953139812 0.299442858 -0.0193517487 -0.0968278348 0.304027408 -0.0153365619 -0.0888214111 0.280851573 -0.0153008439 -0.0898028091 0.284109414 -0.0153057957 -0.0968054309 0.283765227 -0.0192995444 -0.0902826488 0.287546515 -0.0360725634 -0.0471306518 0.257010579 -0.0167195443 -0.0553486608 0.252255291 -0.0162287578 -0.0567162782 0.257338017 -0.0192639921 -0.0746107772 0.264070451 -0.0192971528 -0.0758229494 0.261098951 -0.0153192496 -0.0818352029 0.263595998 -0.0152995801 -0.0735107586 0.2822586 -0.032198634 -0.0853272751 0.270680815 -0.0330500603 -0.0517709255 0.27150327 -0.0373247713 -0.051725354 0.278547436 -0.037205223 -0.0790687278 0.278370559 -0.0323933549 -0.0860868916 0.278848439 -0.0192949157 -0.0881618857 0.281187505 -0.0313660204 -0.0904262438 0.27459389 -0.0193008948 -0.0931087732 0.324991107 -0.0153325815 -0.0374680012 0.320097327 -0.017584119 -0.038464807 0.320307016 -0.0192637295 -0.0829557404 0.297827959 -0.0382674746 -0.0890828744 0.255374014 -0.0157187041 -0.0558803193 0.261195838 -0.0291321222 -0.0478548743 0.249084264 -0.00307963346 -0.051233694 0.30437386 -0.0355055444 -0.0365700573 0.277417123 -0.0381282121 -0.0434957668 0.288581878 -0.0367857479 -0.0468993671 0.287443399 -0.0371126607 -0.0506604463 0.292789072 -0.0388435498 -0.0364353694 0.269476622 -0.0307830535 -0.0539834313 0.258266509 -0.0245819911 -0.0457482301 0.262263834 -0.0222545713 -0.0582273044 0.254640013 -0.00304003386 -0.060252618 0.250592589 0.00573909981 -0.0478027277 0.256311506 0.0176802836 -0.0561069548 0.253797621 0.0205763057 -0.0489425994 0.248200491 -0.0102026081 -0.048440747 0.294923842 0.0375637449 -0.0358316042 0.312714815 0.0282363668 -0.0340370685 0.296145737 0.0379570015 -0.038569618 0.319002151 0.0193300527 -0.029419085 0.323620111 -0.000789161189 -0.0282076169 0.324215829 0.00669324258 -0.0310068354 0.321340203 -0.0159036554 -0.0319774747 0.316509724 -0.023275191 -0.0301001761 0.264714122 -0.0343575291 -0.0440160148 0.321427822 -0.0161150806 -0.0391120687 0.326822937 -0.0142333386 -0.0370309129 0.307207376 -0.0319779105 -0.0430765636 0.317003846 -0.0222547874 -0.0435596555 0.320669353 -0.0229122508 -0.0595994629 0.315253735 -0.0240519363 -0.0618133545 0.314804554 -0.0321186185 -0.0623581149 0.320858985 -0.0315406285 -0.0575724617 0.320958167 0.0162799191 -0.0391779058 0.308717102 0.0306066088 -0.0433470681 0.31700778 0.0217962116 -0.0435643382 0.315395743 0.0230917837 -0.0618753731 0.320741028 0.0224417821 -0.0596327223 0.289898098 0.0377579592 -0.0476948209 0.272517145 0.0363555215 -0.0441114008 0.274543703 0.0325894915 -0.054934606 0.269753486 0.0316049755 -0.0529277623 0.280332178 0.0409182273 -0.0509674735 0.26723823 0.0320252217 -0.0433458686 0.303920954 0.0341248251 -0.044026833 0.265766859 0.0312156994 -0.0717907473 0.273555011 0.0316889808 -0.0734017566 0.266799331 0.0225710701 -0.0735180005 0.291399628 -0.0377781205 -0.0498442948 0.250926584 0.014806184 -0.0587966144 0.248941377 -0.0130980536 -0.0594000891 0.258621871 -0.0285257045 -0.0565987527 0.273826122 -0.0396928079 -0.052778203 0.274509639 -0.0341396071 -0.0508733094 0.30409196 -0.0394779406 -0.0434895232 0.265929669 -0.0315397345 -0.0722897202 0.273570061 -0.0321188867 -0.0734104812 0.267115623 -0.0229027513 -0.0739538893 0.273314506 -0.0237444174 -0.0732610971 0.329448014 0.0120985946 -0.0382502377 0.319342643 -0.0285256449 -0.0403280221 0.314804018 0.0316726528 -0.0623590127 0.320796221 0.0311647058 -0.0573522076 0.319342792 0.0280796532 -0.040327806 0.262402683 0.0220103413 -0.0581950955 0.262386322 0.0316986926 -0.056205783 0.273187041 0.0230996758 -0.0732513741 0.325358778 0.0188553091 -0.0374652185 0.326404393 0.0148535203 -0.0404677875 0.328401685 0.0188555159 -0.06988509 0.317016721 0.03148425 -0.0759707615 0.317881137 0.0350599848 -0.0790347904 0.308003455 0.0339508839 -0.0418364406 0.313861966 0.0345981345 -0.0794352517 0.304049492 0.0356423818 -0.0431600437 0.327426612 0.0148628643 -0.0726042688 0.312598765 0.0321996473 -0.074835144 0.320821434 0.0171566214 -0.0394637883 0.323426485 0.0163881574 -0.0635389015 0.301806599 0.0384207517 -0.0886286274 0.290574759 0.0417239405 -0.046695061 0.291174889 0.0359234773 -0.0490788184 0.319515437 0.0188467558 -0.0848429129 0.315293312 0.015180585 -0.0797403976 0.314259708 0.0189096909 -0.0827508196 0.310107768 0.0148670953 -0.0932616442 0.302004606 0.0189045835 -0.0958699211 0.286740422 0.04171139 -0.0477832742 0.298485518 0.0373330414 -0.091630578 0.298449308 0.0331720933 -0.0838828012 0.302007526 0.0206244905 -0.0898126364 0.298450142 0.015529057 -0.0909061506 0.284095556 0.0188455619 -0.0905492753 0.278209597 0.0148590645 -0.0952326953 0.286816329 0.0359081663 -0.0481229946 0.263855785 0.0188455526 -0.0858886167 0.25892207 0.0148798032 -0.0776975676 0.252084017 0.0169367697 -0.0568707623 0.263902128 0.0148583213 -0.0754052773 0.281375915 0.0361297019 -0.0819040537 0.273251206 0.0348961763 -0.0511720404 0.28211537 0.0314135514 -0.0849881023 0.257092297 0.0169394184 -0.0552931018 0.263086289 0.0188666955 -0.0731018335 0.269256622 0.0339533426 -0.0524230674 0.27843824 0.031426128 -0.0864124894 0.277522683 0.0363583826 -0.0829052255 0.280695975 0.0188599396 -0.095092617 0.279280573 0.016169101 -0.088478595 0.281621456 0.028991485 -0.0909913853 0.297037631 0.0143221375 -0.0842993334 0.290740609 0.0281281061 -0.0845591873 0.303540856 0.0288077276 -0.0820048526 0.321104914 -0.0138256773 -0.0398543738 0.31974265 0.0170105733 -0.0402203724 0.253837258 0.00754340552 -0.0578828529 0.298847914 0.0338771977 -0.0458134115 0.295432955 0.034759976 -0.0716009662 0.275304556 0.0321349427 -0.0521268658 0.272271693 0.0278178398 -0.0633754581 0.272803694 0.0147462925 -0.0643753037 0.26930964 0.0144051407 -0.063871555 0.272640467 0.0177363306 -0.0628465042 0.27105099 -0.015088195 -0.0636918321 0.271020561 -0.0213247538 -0.0634361058 0.265622139 -0.0181022249 -0.0648705065 0.277083576 0.0114090452 -0.0628147125 0.281511486 0.0114501668 -0.0745536461 0.279472262 -0.0121677453 -0.0738860741 0.275586635 -0.0118030487 -0.062798813 0.310904533 0.0148258107 -0.0551959909 0.306537002 0.0116375927 -0.056173712 0.312661558 0.0143699674 -0.0638087839 0.309925944 -0.01216208 -0.065805465 0.307614386 0.0116380556 -0.0699504241 0.305916339 -0.0122169498 -0.0763067901 0.311228216 -0.0155094219 -0.0533803441 0.312985212 -0.0152555322 -0.069389455 0.310961157 -0.0281819161 -0.0530162156 0.31271559 -0.0284985267 -0.0646323413 0.297791392 -0.0293529276 -0.0841028094 0.288315296 -0.0339862406 -0.0715360194 0.287656963 -0.029099673 -0.083384566 0.302914172 -0.0334607661 -0.066725865 0.309118599 -0.0286562089 -0.0770527422 0.295616955 -0.0361175761 -0.0466846302 0.323465407 -0.0112987207 -0.0490235575 0.315960884 -0.0158210378 -0.0512243994 0.315589368 -0.0215274561 -0.0513909571 0.323457718 0.00934386067 -0.0488820635 0.311436653 0.015529207 -0.0529240631 0.312706143 0.0211848728 -0.0522342511 0.316809833 0.0188994091 -0.051211495 0.310952961 0.0277246963 -0.0529912487 0.318361878 0.0196175668 -0.049812533 0.307685912 0.0107685635 -0.054009296 0.309821427 0.0141798118 -0.0762481019 0.301519662 0.0116065936 -0.077989839 0.291693687 0.0114857936 -0.0800268427 0.282992274 0.0143442871 -0.0819252506 0.265677899 -0.0264380947 -0.0547221042 0.273248494 -0.0287229773 -0.0644622967 0.268427759 -0.0250606108 -0.0634019077 0.265853256 0.0180641897 -0.0647741184 0.270276517 0.021098407 -0.0635596663 0.260047734 0.0134360101 -0.0652475432 0.258893192 -0.00788179878 -0.0665828213 0.278663486 -0.0152547006 -0.078591086 0.292034745 -0.0151728392 -0.0846210271 0.303204119 -0.0154467039 -0.0823753402 0.27288264 -0.0158327017 -0.0647291243 0.288217366 -0.0121831261 -0.0811052769 0.298220545 -0.0120965755 -0.0809182674 0.312888056 0.0281641819 -0.0684263706 0.278148353 0.0281415209 -0.077540271 0.275689274 0.0142727168 -0.0720373765 0.307739556 -0.0117300311 -0.0541781671 0.315640002 0.014887495 -0.0514808856 0.277722448 -0.0279365107 -0.0771756619 0.310932815 -0.0191100948 -0.0531927273</float_array>
          <technique_common>
            <accessor source="#positions_array" count="1353" stride="3">
              <param name="X" type="float" />
              <param name="Y" type="float" />
              <param name="Z" type="float" />
            </accessor>
          </technique_common>
        </source>
        <source id="normals">
          <float_array id="normals_array" count="6408">0.778463304 0.598354936 0.189647555 0.783892393 0.354519844 0.509733617 0.952246487 -0.289574832 -0.0968144909 0.368157536 0.192716226 0.909571588 0.285967708 -0.0205751751 0.958018363 0.409109592 -0.138724908 0.901878476 0.337819457 0.802423656 0.491929203 0.384824395 0.885562241 0.260172397 0.415320158 0.616927922 0.668512642 0.841296494 -0.191688016 0.505446255 0.12397147 -0.24565874 -0.961396337 0.652336001 -0.214878783 -0.726832032 0.576173902 0.808970869 0.116575345 0.507171333 0.831855834 0.225373209 0.334566385 0.782212079 0.525556445 0.969822109 -0.242998496 -0.0199203398 0.76442492 -0.642790377 -0.0497493595 0.568450987 -0.674482763 0.471101373 0.364535213 0.615224004 0.699009001 0.342137992 0.524871111 0.779392004 0.77924633 -0.296795279 -0.551985264 0.843351841 -0.518011332 -0.142905414 0.939727843 -0.341923267 0.000182758318 0.999306798 0.0370674655 0.00345106167 0.658073068 -0.622415483 0.423720241 0.706271529 -0.376299679 -0.599649131 0.975425601 0.163413107 0.14778699 0.993849874 -0.109917037 -0.0134395314 0.98670733 0.0816708282 -0.1404939 0.443601549 0.847594082 0.291207671 0.465799659 0.874453604 0.135504901 0.413267225 0.877022445 0.245034456 0.445609003 0.821673393 0.355366647 0.390890509 0.667537212 0.633718133 0.419569224 0.627097726 0.656285107 0.31525141 0.519553423 0.794154167 0.316934466 0.727716446 0.60826087 0.288824409 0.712281048 0.639715672 0.248355582 0.322614461 0.913367093 0.165293321 0.0178610757 0.986082733 0.451202899 0.817607701 0.357677996 -0.154948413 0.960885227 0.229544282 -0.026550008 0.698480785 0.715136111 0.321039408 0.552948892 0.768883109 0.160508662 0.534289122 0.829922974 0.308744907 0.338597387 0.88883543 -0.413016468 0.690248072 -0.594116986 -0.605243504 0.561467826 -0.564299703 -0.468346864 0.296777189 -0.8322106 0.419956625 0.499159336 0.7579422 0.305384457 0.429534554 0.849847317 0.394541085 0.573390901 0.718025208 -0.642650008 0.643932581 -0.415152669 -0.632556558 0.610930383 -0.476063371 0.323015541 0.91575098 0.238874584 0.278920144 0.511419177 0.812806249 0.279336601 0.640147865 0.715668797 0.165148497 0.460251868 0.872292459 0.169170007 0.227523312 0.958965421 0.257447898 0.588980377 0.766043484 -0.367363632 0.530691564 0.763813078 0.0208025724 0.67759937 0.735136986 -0.131545305 0.537838936 0.832721531 0.363109201 0.524636567 0.770005345 0.369211733 0.557768226 0.743355453 0.172075182 0.603978813 0.778202891 0.497818202 0.333955526 0.800406635 0.626225948 0.211336836 0.750451684 0.570028484 0.00726221455 0.821592808 0.111227222 0.292065561 0.949908555 -0.639967203 0.232724041 -0.732312381 -0.76079762 0.197995842 -0.618049026 -0.59239614 -0.00807465799 -0.805606365 -0.848350167 0.214754641 -0.483924031 -0.803323925 -0.207194164 -0.558337927 -0.706472456 -0.198223859 -0.679414392 0.437142938 0.887413561 0.146298364 -0.184045136 0.880668759 -0.436520189 -0.717252076 0.484101027 -0.501194179 -0.699434161 0.451388299 -0.554112256 0.597666919 0.675939381 0.431161463 0.66761744 0.702057481 0.247794881 -0.66179049 0.705844402 -0.25262031 0.746257722 0.534786046 0.396362603 0.731005311 0.583997488 0.352956384 -0.760120749 0.489998162 -0.426753163 -0.843959868 0.45844239 -0.27850005 0.620829523 0.533736587 0.57419163 -0.923077583 0.200509265 -0.328213006 0.402150422 -0.6205163 0.673227012 0.444828629 -0.829263568 0.338303775 0.483340502 -0.709507942 0.512816191 0.450881034 -0.84910661 0.275180489 0.304045588 -0.774939418 0.554098547 0.297232687 -0.638684571 0.709742785 0.350760281 -0.791417897 0.500624537 0.283830494 -0.696139395 0.659416616 0.467987359 -0.854546368 0.225251779 0.672241271 -0.652157605 0.350402862 0.625609756 -0.616471708 0.478095293 0.977846205 0.0879404619 0.18995592 0.989475191 -0.014621757 -0.143961802 0.224572033 0.306003243 -0.925164521 0.493324518 0.524134636 -0.694200158 0.844095051 0.493027002 -0.210779369 0.747820616 0.535626888 -0.392260253 0.884836376 0.454973757 -0.100317135 0.866036773 0.49763602 0.0483604781 0.610381067 -0.784909725 0.106544472 0.420296073 -0.866101146 0.270592034 0.530336559 -0.823781371 0.200318381 -0.626108408 0.165101945 0.762056172 0.397321552 -0.864064455 0.309076428 0.816846192 -0.575775743 0.0352797136 0.360755831 -0.523732066 0.771725297 0.390098572 -0.723269045 0.569828928 0.287377179 -0.387053818 0.876129985 0.98500073 0.0956513211 -0.143611923 0.985222816 0.133416161 -0.107406229 0.608211219 -0.202651143 0.767470956 0.115447924 -0.625724137 0.771453917 0.465673298 -0.556020498 0.688468993 0.225379229 -0.578951001 0.783594251 -0.0669626221 -0.566917837 0.82104826 0.474440575 -0.377955228 0.795019448 0.201493427 -0.258837402 0.944671154 0.232716233 -0.545555711 0.805116236 0.181006685 -0.419601083 0.889478207 -0.655563772 -0.664759278 -0.358233422 -0.648631513 -0.607480824 -0.458523989 -0.195487618 -0.968533278 0.154038697 -0.13752079 -0.780645609 0.609655976 0.0941533968 -0.585305929 0.805327296 -0.409348875 -0.897229254 -0.165569052 0.396767646 -0.535242498 0.745715022 0.315266937 -0.58859545 0.744420707 0.586760581 -0.678908467 0.441356152 0.317636549 -0.329356343 0.889174581 -0.546414256 -0.259491712 -0.796301126 -0.604831576 -0.495127976 -0.623720348 -0.33417961 -0.750689209 -0.569903195 0.261514902 -0.458839983 0.849161863 0.343099505 -0.519298494 0.782695174 -0.8882038 -0.207877368 -0.409732789 -0.815092862 -0.471273422 -0.336934775 -0.676253736 -0.534092724 -0.507371485 -0.432670236 -0.843238771 -0.318974704 0.288472921 -0.917739153 0.27301684 0.197998926 -0.971818626 0.127925605 -0.706034482 -0.670903862 -0.226722881 0.526685476 -0.84237802 0.114024997 0.795434117 -0.505943656 0.33362487 0.37177366 -0.91850692 0.134645507 0.678251684 -0.662567258 0.317772359 0.787947536 0.614305258 0.0420449935 0.663603783 0.741069019 0.102209419 0.90756464 -0.152507275 -0.391238958 0.739720225 0.326748669 -0.588259578 0.7338534 0.67606622 0.0662852228 0.839568317 -0.536849558 0.0831721798 0.690791726 -0.209011257 0.69218576 0.974970281 -0.183220059 -0.12594974 0.795468032 0.494091868 -0.350861609 0.548944712 0.826344788 0.125753835 0.418260396 0.905219078 0.0750776902 0.456462234 0.889236093 0.0300232694 0.522461593 0.847845256 0.0905111879 -0.050365936 0.982582331 -0.178872004 0.282902151 0.958183229 0.0430267639 0.23930186 0.970015585 0.0424787141 0.259626448 0.000423521386 -0.965709031 0.260575622 0.0015165424 -0.965452254 0.25864619 -0.00169801945 -0.965970635 0.308080584 0.00940670632 -0.951313734 0.273673236 -0.00512025692 -0.961809099 0.289639711 0.0300158579 -0.956664979 0.456552237 0.886864483 -0.0709331036 0.0876507983 0.96257323 -0.256456763 -0.162884161 0.97345978 -0.160763234 0.999897778 -0.0119749624 0.00781031745 0.886206388 0.463284373 0.00240573869 -0.867918074 0.474381775 -0.14724192 -0.959535778 0.225530252 -0.168603674 -0.857807934 0.4880566 -0.161140531 -0.955174923 0.286851764 0.0731911585 -0.984012485 0.132005244 0.119557872 -0.935470879 -0.351705402 0.0346053131 -0.997369826 -0.0724805519 0.000208038677 -0.984898269 -0.154681072 0.0777765661 -0.978410304 -0.125515521 -0.164192423 -0.360143214 0.906100392 -0.221988708 -0.423910975 0.890085757 -0.167471722 0.256769687 0.00126027677 -0.966471791 0.255371988 0.000340744911 -0.96684283 0.259092748 0.000124249011 -0.965852439 -0.571471214 0.788430035 -0.227593273 -0.594001889 0.7896716 -0.153559446 -0.701243103 0.682922721 -0.204633132 -0.744098365 0.653579593 -0.138388142 -0.911915481 0.410218418 -0.0114449132 0.534435987 0.767107546 0.354858041 0.430469334 0.878040195 -0.209144697 -0.0888324603 0.742466807 -0.663966715 -0.301761031 0.864217699 -0.402576715 -0.521827936 0.589519501 -0.616573155 -0.760655105 0.485342354 -0.431099325 -0.747567356 0.529308915 -0.401217014 -0.530556321 0.772804499 -0.348257452 0.669544578 -0.735635161 0.10271813 0.67171067 -0.735178411 0.0912004113 0.900979936 -0.433810622 0.00659336383 0.827858508 -0.55930078 0.0428134501 0.521643937 -0.843378484 0.128842354 0.401973277 -0.914980829 0.0350360349 0.52965796 -0.839923322 0.118284583 0.834817827 0.513734758 -0.197878242 0.905870914 0.417781532 0.0696881711 0.756760836 0.438571125 0.48473534 0.392552346 0.341167748 0.85411191 0.612077951 0.723936558 -0.31823954 0.260873824 -0.000152052642 -0.96537292 0.260546267 -3.9596649e-05 -0.965461373 0.397871047 -0.909078896 0.123588659 0.273110032 -0.960633516 -0.0509324856 0.200502351 -0.978113472 0.0556133613 -0.0718064606 -0.990218639 -0.119628228 0.254584223 -0.00236527645 -0.967047691 0.257187843 -0.00143995509 -0.966360331 0.294068217 -0.0132154282 -0.955693066 0.277679384 -0.00835875794 -0.96063745 -0.738957584 -0.651885152 -0.170257136 -0.609862328 -0.775916159 -0.161313519 -0.52875042 -0.817740977 -0.227426276 0.260138541 0.00010582526 -0.965571284 0.25873524 0.00012047874 -0.965948284 0.257382005 -0.000220669084 -0.966309726 -0.849898279 -0.504689515 -0.151530221 0.0557203852 -0.969946206 -0.23685348 0.25725767 -0.000133754686 -0.966342807 0.266496301 0.00139713124 -0.963834941 0.251439214 0.00189539324 -0.967871249 0.260505766 -9.04747722e-05 -0.965472281 -0.357412398 -0.917559326 -0.174187347 -0.280003309 -0.922998488 -0.263954341 -0.530957818 -0.762637734 -0.369415015 -0.893230677 -0.406699657 -0.191662177 -0.72991097 -0.619153082 -0.289619505 -0.932933033 -0.358173102 -0.0367153101 0.401386797 -0.875267446 -0.269806445 0.535047054 -0.844131172 0.0341636725 -0.391388804 -0.860221982 -0.326853007 0.277910113 -0.905423939 -0.320894718 -0.925845742 -0.236658424 -0.29462263 -0.231641889 -0.61365521 -0.754830658 -0.139731571 -0.878456116 -0.456935346 -0.943937302 0.314996123 -0.0987918004 -0.936951041 -0.309317291 -0.162620917 0.334199339 -0.916474104 -0.219968319 -0.662243128 -0.525763333 -0.533860505 -0.713988781 -0.489627987 -0.500484228 -0.41198504 -0.762360394 -0.499074072 0.0574262179 0.66108489 0.748110294 -0.0997672901 0.957301319 0.27133131 -0.43888548 0.73178941 -0.521405637 -0.0281796716 0.00610776711 0.999584198 -0.402767986 0.369449049 0.837427855 -0.459856153 0.0788870752 -0.884482443 -0.276303291 0.258325309 -0.925702155 -0.305413663 0.432740897 -0.848208606 -0.0312884562 0.998599529 0.0426609144 -0.099100031 0.291288108 -0.951488554 -0.322352052 0.162087247 -0.932639718 -0.238092482 -0.241007075 -0.940865338 -0.061465703 0.49639827 -0.865916133 -0.034175247 0.394629091 -0.918204725 -0.530762911 0.151992336 0.833779991 -0.570625424 0.224903524 0.78981328 -0.758101285 -0.0678287521 0.648599744 0.099025473 0.724132299 0.682514787 0.0699359849 -0.321747154 -0.944239259 0.253548115 0.226460874 -0.940440774 0.205168605 0.494998068 -0.844323874 0.0987297744 0.677671909 -0.728706539 -0.113948695 -0.0840743929 0.989922822 -0.10445188 0.00148226402 0.99452883 0.223513067 0.471129209 -0.853275537 0.0344245508 0.271368951 0.961859584 0.0521183237 0.360487044 0.931307018 0.170920327 0.976134241 0.133970752 0.153980643 0.827020109 0.540673375 0.315196902 0.947197318 0.0588908307 0.38050276 -0.17144601 -0.908748567 0.281212211 0.763359487 -0.581551373 0.57941407 0.271265894 -0.768566251 0.48465845 0.383172899 -0.786310792 -0.142449036 -0.248999655 0.9579705 0.364674181 0.819716215 -0.441676378 -0.144176245 0.136881918 0.98003906 0.613756359 -0.217283338 -0.759006679 0.450214326 0.757701993 -0.472434878 0.661297858 0.660810649 -0.354985029 0.655269623 -0.227008507 -0.720478237 0.404773027 -0.0499645062 -0.913051128 -0.0105655193 0.0591722801 -0.998191893 0.10687194 0.774251044 0.623789787 0.00596996676 0.807115614 0.590363204 0.0809939951 0.714028716 0.695415676 0.465321779 0.745644808 0.476958513 -0.0848640352 0.727212846 0.681145787 -0.237225801 0.566328645 0.789300799 0.757577658 0.629332602 0.173253089 -0.01614099 0.6459198 0.763234615 -0.101786546 0.597074509 0.795701921 -0.224832714 -0.157678217 0.961554885 0.00265857927 0.722428739 0.691440225 0.999920249 0.012606483 0.000784859818 0.99992007 0.00903855544 0.00884333253 0.905225575 -0.0524259098 -0.421684861 0.893943548 -0.366430193 0.258057892 0.210542232 -0.0169578362 0.977437675 0.538729966 -0.000979745528 0.842477918 0.909818649 0.413851559 -0.0309334863 0.413470566 0.48518452 -0.770479143 0.241646945 0.757357776 -0.6066432 0.0303770863 0.349488229 -0.936448157 0.178962007 0.581798613 -0.793399632 0.382911235 0.434875399 -0.815022945 0.391809195 -0.396985114 -0.82999301 0.999996543 0.00221805437 0.00139941636 0.999994397 -0.00303075183 0.00141457829 0.999996603 -0.00190514117 -0.00176809391 0.999998808 -0.00145321188 -0.000476271322 -0.209611967 -0.144708723 0.967017174 0.400203586 0.106175661 -0.910254776 0.634186983 0.418121725 -0.650370002 0.732869089 0.279147863 -0.620467007 -0.0342275351 0.0691373199 0.997019827 0.474600434 0.403746814 -0.782139957 -0.309207976 -0.455251127 0.834947169 -0.211120099 -0.564829171 0.797744513 -0.34828949 -0.440732688 0.827314377 -0.305871934 -0.449439138 0.839313328 -0.345318854 -0.119965367 0.930786312 -0.32618475 0.0391798541 0.944493771 -0.374322474 0.0770485103 0.924092114 0.99999094 0.0037522635 0.0020147881 0.999995887 0.00242797378 -0.00151039031 -0.0257327557 0.99892801 -0.0384785607 -0.00664990069 0.998138487 0.0606241636 -0.0208613686 0.997377634 -0.0693011507 0.974015892 0.226469636 -0.00212155376 0.97667253 0.214719892 -0.00248488295 0.999984503 0.00529574882 -0.00171506545 0.999987304 0.0050218245 -0.000390489673 0.999971628 0.00729196845 -0.00188629795 0.00206647557 0.930069029 -0.36737904 -0.00454045041 0.989762664 0.142650962 -0.339552611 -0.369524956 -0.864959717 -0.262086958 -0.571962595 0.777283192 -0.499934107 -0.36266616 0.786472619 -0.0105229085 -0.0463148579 0.998871446 -0.0035253861 -0.0300361253 0.999542594 0.111119397 -0.286589622 0.951587558 -0.375973254 -0.208440438 -0.902882457 -0.0888206959 -0.931579113 0.352521211 0.00641252007 -0.710065782 0.704106152 -0.872314155 -0.37452358 0.314324766 -0.132506564 -0.339921713 -0.931072116 0.141163051 -0.685985029 -0.713790953 -0.197971001 -0.478063196 -0.855723739 0.0121517209 -0.504862726 -0.863114119 0.0262751356 -0.279246479 0.959859908 -0.00282064406 -0.700465441 0.713680804 -0.00652773911 -0.859204888 -0.511590064 -0.0674347505 -0.0175509285 0.997569323 -0.0766214058 0.022652166 0.996802926 0.0145207103 -0.430915207 -0.902275562 0.21368371 -0.509245455 -0.833671629 -0.0923689082 0.251622826 0.963407457 0.252173781 -0.835378826 -0.488416404 0.0884645432 -0.763226569 0.640046299 0.388923824 -0.73124069 -0.560379565 0.241000354 -0.457026631 -0.856180727 -0.0378031246 -0.0149408178 0.999173522 0.0905364156 -0.322072476 0.942375958 0.525316119 -0.715703368 -0.460230023 0.985788524 -0.00130707456 0.167985991 0.591965914 0.00239023822 0.805959463 0.955383778 0.0674367696 -0.287565947 0.0232459772 -0.348848462 -0.936890781 0.243370622 -0.761995852 -0.600110888 0.0650229678 -0.538386464 -0.840185702 0.397130549 -0.829718173 -0.392243683 0.387894183 -0.437965959 -0.811001778 0.229931444 -0.349340856 -0.908345997 0.430557787 -0.104605392 -0.896480739 0.0186661482 -0.234458253 -0.971946955 -0.237067461 0.12327712 0.963639855 -0.319354445 0.253754258 0.913028777 -0.242595002 0.479484499 0.843351781 0.425937831 -0.408654273 -0.807204247 0.606615961 -0.394067228 -0.69045496 0.679127753 -0.285618126 -0.676171362 -0.030691294 -0.499484032 0.865779281 0.0264956411 -0.821867049 0.569062889 0.408561587 -0.425223917 -0.80762738 0.569005728 -0.324120909 -0.755763292 0.786939144 -0.13791877 -0.60141933 0.428763032 0.0745225251 -0.900338054 -0.222965375 0.0527878068 0.973396063 -0.336105078 0.26820311 0.902829111 -0.344493061 0.535559952 0.771038294 -0.230706394 0.450054705 0.862684965 0.0448287986 0.169144139 -0.984571278 -0.242847875 0.356069505 0.902352154 0.999097347 -0.00182889588 -0.042440176 0.998350263 -0.00433641206 -0.057253547 0.149569944 -0.815259635 0.559446633 0.789951861 -0.511180043 -0.338631123 0.959196925 0.0123205082 -0.282470226 0.0161553472 -0.698246062 0.715675533 0.279290825 -0.748390436 0.601588249 0.00209668255 -0.807124615 0.59037745 -0.0936675817 -0.660662949 0.744816005 -0.0395345539 -0.505017817 0.862203002 -0.0181653537 -0.637272 0.770424783 -0.262346387 -0.524564207 0.809942484 -0.144277871 -0.766919434 0.625314713 -0.0727493316 0.446189791 -0.891976535 0.999999881 -0.00033756136 -0.000304665358 0.999838769 0.00484440429 -0.0172912143 0.999999642 -0.000344457425 0.000757969334 0.0044260337 -0.94795984 0.318359107 -0.000218829242 -0.984528542 0.175224215 -0.00235820166 -0.995948315 0.0898967087 -0.0308771487 -0.704160571 0.709369063 -0.000644236279 -0.709561825 0.704642832 6.43261301e-05 0.104225107 -0.994553745 0.000842551119 -0.139547452 -0.990215003 -0.000135211332 -0.104007907 -0.994576454 -0.0264441464 -0.999573588 -0.0123856114 -0.0275059659 -0.994649649 -0.0995766297 0.00123836566 -0.40117234 -0.916001737 -0.000483442767 -0.303591937 -0.952802002 0.999942243 -0.00752907293 -0.00767346518 0.999997795 0.000990470056 -0.00185557478 0.999980628 0.00616411632 0.000879707863 -0.182013273 -0.493660688 0.850394189 -0.12178535 -0.265488476 0.956391215 -0.326503038 -0.0557827465 0.94354862 -0.0585627444 -0.307279766 0.949815512 -0.0114602484 -0.0853988826 0.996280909 -0.16164875 0.18886593 0.968606889 -0.0484086722 0.421772271 0.905408621 -0.120726056 0.572054744 0.811282039 -0.0386447087 0.49416545 0.868508518 -0.0114149945 0.758851051 0.651164114 -0.00239651417 0.56894505 0.822372019 0.705223143 0.420705348 0.570672691 -0.329775155 0.260081321 0.907527447 -0.324887961 -0.165722892 0.931119621 -0.216918588 0.67901969 0.701340556 -0.00245362706 0.579690874 0.814832747 -0.966581047 0.19405441 0.167522967 -0.587895215 0.597029924 0.545833707 -0.549495101 0.553423584 0.625921369 0.987710476 -0.150669962 -0.041552268 0.994542599 -0.102366351 -0.0201521516 0.0269821268 0.830006421 0.557100832 -0.143679678 0.507120788 0.849814475 -0.0171673633 0.705980003 0.708023727 -0.0510729775 0.571969569 0.818683267 -0.00361932558 0.557478964 0.830183208 -0.940007746 0.25470829 0.226956189 -0.549430311 0.649371207 0.52577889 -0.993621051 0.093765296 0.0626517385 -0.995668292 0.0819676891 0.043886181 -0.0219350718 0.0528806224 0.998359919 0.251672447 0.791215301 0.557350278 0.214400634 0.775022984 0.594450831 0.0514986701 0.783419251 0.619356275 0.634464145 0.665074468 0.393866897 -0.484675497 0.633708775 0.602912009 0.0905631408 0.903588116 0.418720454 0.00496048667 0.989268899 0.146021858 0.0168469921 0.993457675 0.112951212 0.365542769 0.33597222 0.868044436 -0.213055253 0.614564002 0.759551585 -0.00168395846 0.90082711 0.434174746 -0.00491037732 0.715631187 0.698461056 -0.45101127 0.755278349 0.475545406 0.0152608706 0.772296607 0.635078788 -0.000435485097 0.849824011 0.52706635 -0.725429118 0.423636049 0.542480528 -0.640339971 0.673988998 0.368379712 0.831319869 0.379071176 0.406463116 0.023690898 0.767202854 0.640966892 -0.642622769 0.157996431 0.749715388 0.772613347 0.0457857624 0.633223772 0.924685001 0.365298897 0.107304879 0.559591472 0.716117442 0.417172849 -0.904722512 0.289122403 0.31286642 -0.636483788 0.643453836 0.425271064 0.61099869 0.766679585 0.197187886 0.952605069 0.281517565 -0.115288593 -0.706861675 0.680521429 0.192969173 -0.607226908 0.794265509 -0.0204400718 0.973862469 0.144781008 0.175015166 0.947512329 0.255139321 0.192676738 0.959570706 0.225907817 0.167898074 -0.0123219667 0.964208126 0.264860004 0.00127666246 0.990994215 0.133898586 -0.013020223 0.986754656 0.161696404 -0.0952030197 0.750237882 0.654277861 -0.0228234604 0.834186077 0.551010549 -0.550806522 0.743372977 0.379484922 -0.394436985 -0.0846728459 0.915013671 0.0681605414 -0.238906503 0.96864742 0.20367384 -0.362457186 0.90947336 -0.181089371 0.946468413 0.267215639 2.66439292e-05 0.673687577 -0.739016294 -0.594825804 0.749815762 0.289756179 0.976634622 0.119836494 0.178392783 0.949097931 0.0449853539 0.3117522 0.0391323045 0.962682784 0.267788261 -0.988538206 0.124751776 0.0850250646 -0.00753092999 0.804199874 0.594311237 0.00780609017 0.861183047 0.508234978 -0.0061439178 0.92162025 0.388044208 -0.506200671 0.803779244 0.312569708 -0.77846688 0.598953724 0.187732995 -0.936307013 0.305941492 0.172420844 -0.094041422 0.667184412 0.738932431 0.376366913 0.802752018 0.462533355 -0.57824105 0.683682084 0.445214719 0.000578466221 0.489535749 0.871983051 0.0457993001 0.5802086 0.813179195 0.0474385694 0.807468116 0.588000715 0.513913274 0.815384388 0.266536057 0.103049196 0.804851711 0.584460914 -0.17010732 0.962824106 0.209841013 0.0193925425 0.91923362 0.39323464 -0.557754993 0.778069019 0.288994849 -0.600172997 0.360317886 0.714117229 0.0308472812 0.892536044 0.44991976 0.000853743346 0.446480632 0.894792855 0.625363946 0.712846816 0.31744194 0.960805118 0.259002954 0.0988480747 -0.905293524 0.366764545 0.214306682 -0.994862497 0.0440172553 0.0911649242 -0.00809471309 0.889572978 0.456721395 0.0906547755 0.795650184 0.598934412 -0.128400952 0.730977833 0.670212328 0.00565316249 0.669040263 0.743204713 0.0196143202 0.986970782 0.159699619 0.0150267947 0.88909322 0.457479477 0.0432431102 0.828510702 0.558301032 -0.22526677 0.551776886 0.802992582 0.357554406 0.549489379 0.755126655 -0.197088972 0.896474659 0.396849006 0.533969462 -0.147285417 0.832576513 -0.00416384265 0.998710513 -0.0505955964 0.0720895305 0.806790471 0.586423218 0.0151279978 0.699592531 0.714381814 -0.373473287 0.674650431 0.636682451 0.213980585 0.964173019 0.156788811 -0.301180094 0.874521792 0.380134434 0.0213468466 0.595954716 0.802734256 0.0884340405 -0.16503267 -0.982315421 -0.0867972299 0.663508177 0.743117213 -0.0778354406 0.880391479 0.467816681 -0.296741158 0.35594064 -0.886143863 -0.0457680635 0.755775332 0.653229594 0.0342757478 0.655709445 0.75423491 -0.939154029 0.210095465 0.271752954 0.0038398786 0.577101946 0.816663086 -0.0153101664 0.610019445 0.792238533 0.00929431804 0.68124783 0.731993854 0.00840843283 0.142037854 0.989825487 0.00290958374 0.671052098 0.741404533 0.0266771279 0.725764215 0.68742615 -0.737765551 0.537617803 0.408251256 -0.847512305 0.295989811 0.440582424 -0.514404655 0.769372523 0.378753006 0.975523472 0.182023421 0.123375282 0.579764962 0.656194508 0.482992113 -0.214668036 0.764442205 0.607902706 -0.236222073 0.919797778 0.313322842 0.0471708626 0.9142977 0.402286738 0.563992143 0.81211412 0.14961125 0.0402698852 0.982733369 0.180591866 -0.291321188 -0.956625283 -7.014929e-05 0.72393018 -0.689844906 -0.00625507673 0.822545111 0.0418139286 0.567160606 0.123573512 -0.35875544 0.925215721 0.00911270641 0.800691843 0.59900713 0.584265769 0.760816276 0.282475084 0.331506997 0.771085441 0.543627024 0.939606786 0.300928265 0.163037494 0.0411399901 0.833669484 0.550729215 0.0100594321 0.862748504 0.505533278 0.0281230714 0.946565449 -0.321283281 0.623454452 0.719913125 0.305007547 0.463916719 0.808674037 0.361700952 0.00181741209 0.959575713 0.281444728 -0.0203059651 -0.437240571 0.899115324 -0.881905198 0.40123266 0.247498527 0.00080720702 0.998883426 -0.0472362004 -0.0424361266 0.996459007 0.0725852028 -0.0162947178 0.964357853 0.26409927 0.00898335502 0.996885777 -0.078345634 0.00114691211 0.738410473 -0.67435056 0.000624522043 0.524414301 -0.85146302 -0.00095599785 0.58474648 -0.81121552 -0.000608267903 0.965574324 -0.260126621 0.000381392281 0.884361804 -0.466802001 0.00610073935 0.999901175 -0.0126652597 0.00636079395 0.996461034 0.0838146359 0.000454727211 0.314357251 -0.94930464 -0.000289340998 0.112474829 -0.993654549 0.00277827494 0.997974455 -0.0635549203 -0.0865800455 0.0343835428 0.995651364 -0.107310206 0.285789818 0.952265024 -0.270620197 -0.434553832 0.859027147 -0.126955032 -0.397075087 0.908963025 -0.0438561179 -0.343415916 0.938158929 -0.00319359242 -0.522043884 0.852912664 0.0629312471 -0.422250479 0.904292107 -0.0354281552 -0.37251699 0.927348852 0.712528765 -0.372189462 0.594792247 0.402811378 -0.902568936 0.152027383 0.517778456 -0.81425792 0.262468159 -0.774577558 -0.423496485 0.4697662 -0.609753966 -0.166414708 0.774923384 -0.844583154 -0.113476217 0.523261309 -0.116496965 -0.953546107 0.277809799 0.278376997 -0.901209772 0.332155406 -0.379704207 -0.845796824 0.374769837 -0.0556878299 -0.997092724 0.0520097129 0.567132592 -0.817544937 -0.0999043882 -0.0470359549 -0.998067379 0.040608909 0.00931229442 -0.755066335 0.655582309 -0.0162337348 -0.820946157 0.570774794 -0.662774384 0.367695212 0.652326822 -0.680148005 0.41836229 0.601973116 -0.689459026 0.250526786 0.679619491 0.00388557347 -0.896331489 0.443367481 0.00838540215 -0.91151911 0.411172211 -0.000195732122 -0.932424843 0.361363947 -0.963991761 -0.00604722323 0.265863389 -0.00112702022 -0.807138741 0.590360701 0.00308593642 -0.82693249 0.562292755 -0.000837255502 -0.689448833 0.724333942 -0.00591213675 -0.0408086106 0.999149501 0.372746497 -0.927649736 0.0229360219 0.339509815 -0.939900398 0.0363360457 0.772340119 -0.633601785 -0.0451606028 -0.000993730617 -0.874970615 0.484175026 -0.00344410958 -0.958080947 0.28647691 0.42855373 -0.893795252 0.132180646 0.000358633173 -0.93871963 0.344681531 1.41997862e-05 -0.990401387 0.138220996 -0.384856015 -0.801439941 0.457798958 0.0769136101 -0.215457082 0.973479629 0.0733436048 -0.495191067 0.865682662 -0.00484431162 -0.498492867 0.866880238 0.448447108 -0.83446753 -0.320248485 0.711223364 -0.526424766 -0.465873688 0.709342062 -0.545575619 -0.446297079 -0.00436532032 -0.445115954 0.895462275 -0.259400666 -0.743664145 0.616177678 -0.000280687324 -0.44622463 0.894920945 -0.642008066 0.565915942 0.517266691 -0.636321783 0.579825401 0.508819342 -0.00328253862 0.183496982 0.983014762 -0.00529711926 0.210949376 0.977482617 -0.00317753037 0.182063043 0.983281732 -0.219629169 -0.89972353 0.377174437 -0.233834863 -0.964388669 0.12359497 -0.538545847 -0.429606915 0.724849105 -0.753761709 0.225359097 0.617297828 -0.712756753 -0.47778222 0.513519228 -0.748819292 -0.574319839 0.33079651 0.295512617 -0.594701827 0.747664392 0.27893737 -0.83929801 0.466661364 -0.0493670702 -0.728478968 0.683287084 -0.0191309564 -0.72391808 0.689620614 -0.00240498362 -0.924755216 0.380554855 0.491999298 -0.769513845 0.407167256 0.0297850687 -0.344790727 0.938206911 0.168163672 -0.968464732 0.183839589 0.0542966649 -0.992619812 -0.108433552 0.119484253 -0.978140652 0.170189202 -0.145903587 -0.929571986 0.338538051 0.0843480825 -0.939261079 0.332677126 -0.803512931 -0.592042744 -0.0620674193 -0.806953967 -0.586458623 -0.0699393749 0.357702285 -0.88650322 0.293532133 0.00277529657 -0.612378657 0.790559709 -0.0387445875 -0.832195938 0.553126395 0.24317418 -0.949219882 -0.199619353 0.862592936 -0.50586462 -0.00587019138 0.657580733 -0.749472082 -0.0766753852 0.0089724157 -0.382835895 0.923772812 -0.572455704 0.324905634 0.752815247 -0.462998629 -0.271032065 0.843903959 0.390185326 0.182119414 0.902545273 -0.185932308 -0.93613404 0.298466504 -0.0865037367 -0.971554816 0.220450282 0.00109387969 -0.998249412 0.0591349974 0.0199378114 -0.984916389 0.171878368 0.347310424 -0.915835679 0.201545164 -0.00674150139 -0.721264958 0.692626417 0.628267884 -0.673289597 0.389821261 -0.236748606 0.1896258 0.952886224 -0.342754513 0.157846466 0.926069021 0.00771334022 -0.997400165 -0.0716479421 0.00100185489 -0.952578545 0.304291159 0.00476588728 -0.943434954 0.331523359 0.00154405937 -0.99190706 -0.126956508 0.00611197203 -0.999918222 -0.0112314671 0.00592794223 -0.993808746 0.11094594 0.00377881713 -0.999732912 0.0227999464 0.00101063668 -0.635526478 -0.772078395 -0.00112125895 -0.535165191 -0.844746709 0.00984437205 -0.106183045 0.994297862 -0.00451648235 -0.115802899 0.993261933 -0.00108926906 0.0455777682 0.998960197 -0.608200729 0.176475793 0.773917377 -0.176334113 0.3679277 0.912981629 -0.658931851 0.540044129 0.523604035 0.0500065498 0.879019082 0.474156976 0.0287113134 0.949013412 0.313925534 -0.449889332 0.683733463 -0.574550331 -0.569331169 0.822108209 -0.000284239155 -0.129044682 0.978649735 -0.159975484 -0.501862884 0.808929145 0.306214422 0.544742644 0.378754795 0.748198032 0.00423866929 0.93376857 0.357852399 0.00322036119 0.929832816 0.367968231 0.97638458 0.162749082 0.142077029 0.356432736 0.58594352 0.727753997 0.617393672 0.699800313 0.359311163 -0.127077639 0.941727579 0.311449021 -0.220748395 0.957644343 0.184898496 0.0921180025 0.668211758 0.738246143 0.0100930352 0.774286628 0.632754624 -0.951397955 0.157909587 0.264398456 -0.965131223 -0.191665918 -0.178286076 0.0768590719 0.935320139 0.345353365 0.00343151693 0.975823641 0.218532562 0.0725157484 0.867340684 0.492403954 0.0856627747 0.867826402 0.489427418 0.133139059 0.693758428 0.707794666 0.151899338 0.58133018 0.799363375 -0.22758162 0.85159266 0.47222504 0.116154604 0.854808092 0.505777895 -0.0666140243 0.992516875 0.102337018 -0.177369714 0.984048009 -0.013766489 -0.0778467283 0.993714273 0.0804476514 -0.00059001043 0.891203582 0.453603208 -0.0040800483 0.611326575 0.791367888 0.0287977587 0.670514643 0.741337121 -0.00979172718 0.573734462 0.81898284 -0.935208976 0.251511782 0.249250904 -0.89554441 0.0518065616 0.441946 -0.70148772 0.656128466 0.27822718 -0.717241168 0.690518498 0.0935373306 0.019260399 0.779829323 0.625695825 0.0111033116 0.912351668 0.409256846 0.012655017 0.875008643 0.483941883 0.00268833619 0.968194604 0.250183851 -0.0317878872 0.800176382 0.598921716 -0.0763513073 0.791812241 0.605973482 0.111222796 0.835355103 0.538341343 0.985604227 0.166731074 0.0280179083 -0.0295754857 0.330573708 0.943316638 0.0180106144 -0.487204731 0.873102009 -0.999970853 -0.00762395281 -0.000450454303 -0.999997079 0.000704409496 -0.00231905584 -0.999988675 -0.00158128247 0.00448536873 -0.999986649 0.00275075249 0.00436867913 -0.99996835 0.00601364858 0.00521075865 -0.994274259 0.0733952671 0.0776651278 -0.99775219 0.0468115956 0.0479510054 0.0915023685 0.267005801 0.959341049 0.0527663454 0.497873932 0.865642667 0.0515325367 -0.0450192429 0.997656107 -0.976723313 0.154190376 0.149120525 0.0226891078 0.75635922 0.653762877 -0.520119011 0.616131365 0.591488242 0.0246780775 0.664406359 0.746963978 -0.0154721141 0.982478976 -0.185729995 -0.00413233787 0.828808725 0.559516788 0.0759050623 0.90011847 0.428981572 0.113628253 0.634633124 0.76441443 0.0718184859 0.986528039 0.146984875 0.439673513 0.894548535 0.0804366842 0.023229016 -0.346190989 0.937876463 -0.00190704328 -0.393343657 0.919389546 -0.00293791527 0.724229515 0.689552784 0.0881785601 0.841594994 0.532862484 -0.0064665284 0.854018033 0.520203173 0.988135278 0.151721716 0.0238585044 0.153560027 0.750027359 0.643333733 -0.0556145608 0.64164418 0.764983535 0.00815039966 0.9131217 0.407605588 -0.00393028697 0.985552847 0.169322431 -0.00671038218 0.958426774 0.285259694 0.753058016 0.623872221 0.20901449 -0.102869861 0.993207872 0.0543679819 -0.0746546164 0.997207046 0.00219904003 -0.999997675 0.00214519235 -0.00029927757 -0.999989569 -0.0042279195 0.00173117372 -0.00086845475 0.996798456 0.0799504444 0.0918447748 0.968282104 0.232366651 -0.0980750844 0.744793236 0.660048664 0.0764921084 0.841580749 0.534687579 -0.241159767 0.0362113751 0.969809651 0.174449146 0.27702868 0.944892883 -0.466308355 0.506229281 0.72545737 -0.0009841508 0.99155432 0.129688457 0.213128433 0.943706453 0.252971113 0.027831044 0.610279381 0.791697264 0.000287942355 0.767727315 -0.640776634 -0.999896824 0.010654157 -0.00963557977 -0.999352753 0.0135317659 -0.0333320498 -0.000505857752 0.35256201 -0.935788333 -0.993906558 -0.106118508 0.0298099238 -0.989890754 0.114246167 -0.0840482339 -0.999985218 0.00392715773 -0.00375995319 -0.959878862 -0.00223828782 -0.280406147 -0.999796152 -0.000773620268 -0.0201770198 -0.00587364007 0.318113536 0.948034406 0.0203751158 0.302458644 0.952944696 0.0100666229 -0.0614445545 0.99805975 0.000628884125 0.0635337755 0.997979462 0.631513298 -0.699160397 -0.335209876 0.706351042 -0.704778075 0.066000253 0.337130159 -0.917746305 0.209964111 -0.430551708 -0.279878169 0.85807544 -0.974834681 -0.100318216 0.199081957 -0.967825949 -0.06125075 0.244051918 0.0314504318 -0.808120966 0.58817631 -0.074430801 -0.98991698 0.120517157 0.0767212957 -0.827747345 0.555831075 -0.988813519 -0.146624267 -0.0273713898 -0.548492074 -0.29290992 0.783173144 0.0489521921 -0.794591427 0.605167925 -0.673309505 0.570286393 0.470561087 -0.197385892 -0.324263066 0.925144494 -0.512212992 0.207651198 0.833377957 0.0412800424 -0.999093533 -0.0103981802 0.207838058 -0.946434498 -0.247113422 -0.15017122 -0.887491226 -0.435669452 -0.0858241394 -0.48611021 -0.869672954 -0.912025034 -0.105425298 0.396353215 -0.819145322 -0.211001039 0.533366203 -0.92103827 -0.0829201937 0.380542725 0.0403532572 -0.28604719 0.957365453 -0.0698353797 0.190268189 0.979245126 -0.0279571358 -0.937974513 -0.345575273 0.0329694748 -0.999431968 -0.0069809882 -0.204477742 -0.172617286 0.963531077 0.102614939 0.822021902 0.560134053 0.106339857 0.278449595 0.954545796 -0.147274405 -0.947083831 0.28520599 -0.533095598 -0.840184867 -0.0994909704 0.0116325095 -0.542277098 0.840119183 0.0245233476 -0.576960564 0.816403806 0.145954847 -0.865346611 0.479450077 0.0234490409 -0.935968399 0.351302296 0.219656244 -0.951453984 0.215607136 -0.00942164939 -0.944516242 0.328329653 0.374422669 -0.278388828 0.88448137 0.588575244 -0.73153162 0.344152153 0.0691596121 -0.354871809 0.932353437 0.0527000874 -0.520065069 0.852499306 0.0492424071 -0.489962637 0.870351553 0.00551623665 -0.458779514 0.888533056 0.00150757923 -0.619181931 0.785246134 -0.00444461452 -0.776367128 0.630265236 0.00021317607 -0.761405289 0.64827615 0.729135156 0.0521152504 0.682382584 0.0904236957 -0.0200750958 0.995701015 0.59559989 -0.576443076 0.559440851 0.876552105 -0.278100103 0.392831653 0.854943931 -0.500319779 0.136934295 0.650443912 -0.645297408 0.400641859 0.00110473053 -0.862036765 0.506844521 0.0469085909 0.142655507 0.988660216 0.0859859958 -0.466129959 0.880527854 -0.999985695 -0.00331971468 0.00419632299 -0.999695718 -0.018228963 0.0166193601 -0.999971271 0.00641245628 -0.00403936999 -0.999999344 -0.00084949634 0.000781584589 -0.999740005 -0.0107552884 0.0201050248 -0.999986351 0.00463223038 -0.00241494132 -0.999987006 0.00454130443 -0.00232214225 0.0181157924 -0.687071681 0.726363778 -0.999877334 -0.0156495832 0.000665115775 -0.999882817 0.0140886214 -0.00598967262 -0.000637126621 -0.92029202 -0.391231686 -1.44264905e-05 -0.936534047 -0.350576699 -0.999990582 -0.004340176 6.77369535e-05 -0.999995112 -0.00256526447 -0.00177314261 -0.999955595 -0.00660880795 -0.00672137225 -0.999117613 -0.0315258652 -0.0277517661 0.358371466 -0.525570571 0.771586359 0.499299258 0.295961648 -0.814313769 0.735735178 -0.526762009 0.425694197 -0.945707023 0.234635517 -0.224909753 -0.725792348 0.00185059558 -0.687911332 0.482297748 0.876006067 -0.00148768397 0.0924358219 0.715030074 0.692955732 0.791210711 0.501475036 -0.350011975 0.99390012 -0.00520260492 -0.110160947 0.00576568535 0.966799676 0.255470484 -0.000691011897 0.983086884 0.18313846 0.0143168932 0.967203319 0.253599584 0.664454281 0.221057236 -0.713886738 -0.169075653 -0.37571308 0.911182225 0.999943614 9.94459915e-05 -0.0106177172 -0.569447756 -0.753568709 0.328425705 0.113849238 -0.794438064 0.596578956 0.69181782 0.00765900081 0.722031415 0.999900877 -0.0140040331 0.00143842271 -0.0434500203 -0.99898982 0.0114621297 0.00557212438 -0.999522269 -0.030400712 0.000924371532 -0.821141362 -0.57072413 0.999994338 0.00313645485 -0.00122698618 0.97873491 0.115535602 0.169497922 0.0273816157 0.382469445 0.923562348 -0.0304601192 0.714809775 0.698655248 0.0940905735 0.375437856 0.922059298 0.115636326 -0.171054065 -0.978452206 0.115635499 -0.171051905 -0.978452682 0.263783157 0.593409002 -0.760450006 -0.933324933 0.103785865 -0.343704909 0.0419845991 0.565056682 0.823983133 0.00404662918 0.986389577 0.164375156 -0.982717216 -0.0740629584 -0.169651344 -0.990094244 -0.0423410423 -0.13386789 -0.00473877275 0.100726545 0.994902849 -0.995885849 0.010271932 0.0900325477 -0.111401372 0.104774706 -0.988236785 -0.98766619 -0.131815791 0.0844988078 -0.0486853644 0.822614372 0.566511512 0.286056131 0.890348196 0.354192019 0.00458012708 0.992877543 -0.119051047 -0.0849894062 0.870526552 -0.484727114 0.975832283 0.196408048 0.0957877189 0.976604939 0.200778753 0.077011019 0.181267679 -0.962965369 0.199598804 -0.0575276799 -0.101587728 0.993161857 -0.760571718 -0.629000425 0.160900772 0.937633216 -0.169743434 -0.303366393 -0.0144429449 -0.35225606 -0.935792208 -0.00551179005 0.213868216 0.976846993 -0.0131971957 0.055077672 0.998394847 -0.0150493737 0.0423424244 0.99898982 -0.92165792 0.369326919 0.118929677 -0.916611671 0.387310147 0.0990652367 -1.99600072e-05 -0.992687464 0.120712928 0.0516594648 0.972982824 0.225023851 0.397800624 0.254778296 -0.881386817 -0.00118896877 -0.765300632 -0.64367193 0.00475259079 0.985171914 0.17150414 -0.965004325 0.226329148 0.132445559 -0.96759522 0.224862397 0.114875533 -0.9659127 0.225842312 0.126522332 -0.946969032 -0.237916648 -0.215975389 0.0153145185 0.811137855 0.58465451 -0.968363643 0.224375188 0.109213449 0.260647684 0.945798934 0.193719193 0.0240737349 0.628510058 -0.777428806 0.115139805 0.823308706 0.555792749 0.315774918 -0.227159768 0.921240807 0.477587968 -0.263983399 0.837987185 0.638585031 -0.762834847 0.101450048 -0.00179725827 0.666175187 0.745793164 -0.817038834 0.00811752398 0.57652545 0.598435163 -0.799678147 0.0488894209 0.0510679595 0.490826964 -0.869759142 -0.999948084 -0.0101166889 -0.00121188222 -0.999995053 -0.00314971642 -0.000149445783 -0.339193046 -0.198982224 -0.919431448 0.847478271 -0.444823414 0.289676994 -0.0666630268 0.995339394 0.0696820542 0.506283224 0.559898615 -0.655889392 -0.954326034 0.0485267378 0.294799924 0.629820287 0.402495861 0.66432184 0.845018804 -0.491633534 0.210332438 0.131413013 -0.753989995 0.643606782 -0.999805868 0.0196978766 -0.000441895361 0.408634216 -0.719354868 -0.561735392 -0.989902437 -0.137276828 -0.0353309885 0.00489599118 -0.674350441 0.738395274 0.0062793172 -0.539986134 0.841650486 -0.0707441345 -0.759479642 0.646672964 0.000301047461 -0.970340312 0.241742879 -0.00139019126 -0.977307677 0.211820111 0.956554234 -0.248207331 0.152961329 -0.00300853467 -0.911548138 0.411182374 -0.999985993 0.00467994669 -0.00246115937 0.000520887959 -0.931364238 0.364088476 -0.48885119 0.462393999 -0.73974067 -0.0958312005 -3.68723636e-06 -0.995397627 -0.0958346426 7.71305804e-06 -0.99539727 -0.682311654 -0.0701507106 -0.727687895 -0.920058727 -0.295448691 -0.257297397 -0.965546966 -0.119684987 -0.231072679 8.36969548e-07 -1.00207706e-06 1 5.3410804e-07 6.80766698e-06 1 -1.15809792e-06 -9.53855448e-08 1 -0.144964814 -0.960792363 -0.236354038 -0.472656637 -0.835776865 -0.279415011 -0.478850156 -0.832167745 -0.279641539 0.487222105 -0.82531178 -0.285438418 0.663730621 -0.693442464 -0.280355603 0.274154186 -0.92992866 -0.245096326 0.878501356 -0.397760987 -0.264615804 0.748373091 -0.595389903 -0.292315871 0.945710003 -0.212714776 -0.245733663 0.962970614 0.123431027 -0.239692241 0.971208692 0.0834084153 -0.223151758 0.902163446 0.336339325 -0.270142466 0.722180426 0.629321754 -0.287070692 0.964807987 -0.126767039 -0.230381593 0.944019496 0.221876264 -0.244127229 0.976814091 -0.0585225075 -0.205935195 0.843430996 0.458449632 -0.280085772 0.818808198 0.501085639 -0.280118376 0.685399115 0.668374062 -0.288970947 0.672886908 0.68166405 -0.287328005 0.467216641 0.839318454 -0.277944595 -0.0960250571 -0.000152238674 -0.995378911 -0.0958820954 -5.01281211e-05 -0.99539268 -0.095841676 8.04551473e-06 -0.995396614 0.183938399 0.952608168 -0.242289901 0.160605356 0.957580447 -0.23926048 -0.131809711 0.964118719 -0.230437294 -0.394235313 0.879657328 -0.266047895 -0.149932861 0.95874393 -0.24151656 -0.971861482 0.0744961873 -0.223462582 -0.963789999 0.12975274 -0.232965812 -0.97428751 -0.0625069663 -0.216464102 -0.86558646 0.419756502 -0.27306506 -0.668590724 0.68231529 -0.295689583 -0.966745734 0.115021721 -0.228413329 -0.626577914 0.245368361 -0.739725947 -0.228491098 0.939407229 -0.255550236 -0.422754914 0.861686826 -0.280667275 -0.135113046 0.964384735 -0.227390856 0.116788872 0.965278029 -0.233663663 0.149045244 0.960724413 -0.234081522 0.389324903 0.882079422 -0.265258282 0.615970254 0.733601809 -0.287069857 -0.679178417 -0.161556989 -0.715972126 -0.682065964 0.0675831884 -0.728161037 -0.873704135 -0.402063817 -0.273835331 -0.538292825 -0.394431204 -0.744758248 -0.682306051 -0.671816707 -0.288306803 0.534918487 -0.795346856 -0.285106182 0.259029776 -0.931284547 -0.256149709 0.627412856 -0.7207008 -0.294861823 0.224472269 -0.941547751 -0.251197249 -0.368478209 -0.540547013 -0.756328464 0.884575605 -0.377111405 -0.274432033 0.877040923 -0.396045297 -0.271932721 0.709780931 -0.643308342 -0.286993742 0.958177805 0.161306649 -0.236379921 -0.811949551 0.514101744 -0.276472926 -0.62784481 0.237884402 -0.741095066 -0.912689984 0.315772563 -0.259392947 -0.521120727 0.405120522 -0.7512061 -0.631631255 0.722036242 -0.282321751 -0.365961969 0.543373823 -0.755524099 -0.849119484 -0.450436145 -0.275868386 -0.626233637 -0.244263992 -0.740382731 -0.709986567 -0.64252317 -0.288241357 -0.520546556 -0.408687353 -0.749670565 -0.0958325043 6.10087955e-05 -0.995397449 -0.0958695561 -8.99138195e-06 -0.995393932 -0.0965973586 -0.000624928623 -0.99532336 -0.0958795622 4.35386573e-05 -0.995392919 -0.0955388844 0.000615370926 -0.995425522 -0.0961047262 -0.000244334195 -0.995371222 -0.0958990976 -3.44052387e-05 -0.995391071 -0.0958776101 2.31682388e-05 -0.995393157 -0.0958322585 -1.53749461e-05 -0.995397508 -0.0954883546 -0.000350569113 -0.99543047 -0.0956161469 -0.000253850652 -0.995418251 -0.0959543437 -0.000129369582 -0.995385706 -3.15145221e-09 -5.36355401e-07 1 7.91267325e-07 -9.63360733e-08 1 -2.28887444e-07 -2.49409436e-06 1 5.69246026e-07 1.0984636e-06 1 2.24562664e-05 3.33917728e-06 1 -7.29959174e-06 -1.57641909e-06 1 1.77094589e-05 1.80191364e-05 1 3.8179769e-07 -4.89917547e-08 1 3.16653797e-07 -5.73397017e-07 1 3.17588842e-07 -1.21722144e-06 1 7.44789645e-07 -1.33631545e-06 1 1.69107461e-05 1.51181584e-05 1 6.8895946e-07 -4.4582257e-06 1 0 -3.04494051e-07 1 -0.000115618634 7.99421468e-05 1 -2.39032106e-05 4.04163939e-06 1 0 0 1 4.10717212e-06 0 1 0.161770657 -0.957640052 -0.238234848 -0.181241646 -0.953591704 -0.240446076 0.786535561 0.545204699 -0.290023535 -0.00139301969 -8.20018522e-06 -0.999999046 -0.00168474135 -9.91303386e-06 -0.999998569 -3.8103688e-05 1.76739789e-07 -1 -9.05315665e-06 2.93564341e-07 -1 4.84719385e-06 -3.25468825e-08 -1 -2.93333687e-06 -8.23333082e-08 -1 -4.53925304e-06 9.11136482e-08 -1 -1.62376716e-06 1.97372387e-07 -1 2.19070148e-06 1.69505782e-07 -1 1.71178726e-06 5.92910041e-08 -1 -4.9949989e-07 5.99934111e-08 -1 3.63365029e-06 -8.84015137e-08 -1 -2.46113927e-06 -2.61687187e-08 -1 -3.12207658e-06 3.73764451e-08 -1 3.67284701e-06 -9.89316504e-08 -1 -5.85557209e-05 2.8203192e-07 -1 1.36339049e-05 5.97760348e-08 -1 -6.92476606e-05 3.19756055e-07 -1 1.26498344e-05 1.00425346e-07 -1 0.971539378 -0.0781030804 -0.223631799 0.466254115 0.839908361 -0.277778774 -0.0958438069 1.54805984e-05 -0.995396376 -0.0958598182 -2.94049983e-06 -0.995394826 -0.096225597 0.000309506286 -0.99535948 -0.095804207 -0.000179525436 -0.99540019 -0.0958548263 -8.8392635e-06 -0.995395303 -0.0958722159 1.7730692e-05 -0.995393634 -0.0958735347 -0.000186860794 -0.995393515 -0.095429495 0.00061909057 -0.995436013 0.431303829 0.859273612 -0.275001556 -0.126142606 -0.965356171 -0.228419662 -0.149411574 -0.958608627 -0.242375031 -0.393752366 -0.881145 -0.261806369 0.630037069 0.165584534 -0.758706212 0.982701778 0.175764307 0.0583447032 0.868097305 0.0569068156 -0.493121326 0.0237566493 0.994586051 0.101164296 -0.0108108874 0.988604963 0.150144458 0.170227841 0.756632209 -0.631292462 0.291012108 0.662210166 -0.690499604 -0.231175438 0.0025329662 0.972908795 -0.242772475 -0.000874323072 0.970082879 -0.22873503 0.0176423714 0.973328829 -0.247752309 0.00249685161 0.968820214 -0.145746648 0.658396542 0.738425255 0.0666771382 0.997730196 -0.0094162738 0.0593870021 0.997555375 -0.0368308537 0.196606815 0.972599328 0.124081947 -0.0146283191 0.996810198 0.0784564242 0.00299978373 0.997848988 0.0654860437 0.207770303 0.0730126053 -0.975448966 0.154891625 -0.0305667482 -0.987458467 -0.256294191 0.0216981992 0.966355264 -0.261067361 0.0241285786 0.965018988 -0.18696788 0.264530391 0.946079671 -0.00764526986 0.999969184 0.00178464851 0.639431298 -0.157813072 -0.752477705 0.43392536 -0.691776574 -0.57719487 0.115428537 -0.537044644 -0.835619092 0.177386746 -0.521713078 -0.834475517 -0.00874894392 0.999954641 -0.00376600609 -0.239429072 0.141724259 0.960514426 -0.086131677 0.2179216 0.972158194 0.0348047502 -0.987063587 0.156505987 -0.0610847846 -0.00217566267 0.998130202 -0.306777447 -0.646117985 0.698869944 0.308539331 -0.550517023 0.77571547 -0.0506246798 -0.986758947 0.154090539 -0.0500202999 -0.986235738 0.157597631 -0.225432009 -0.0421201363 0.973347962 -0.203483373 -0.105579436 0.973369122 -0.255651236 -0.0156764779 0.966641963 0.266769081 0.0521126166 -0.962350547 0.285638988 0.411443532 -0.865519822 -0.255909175 -0.0218298044 0.966454327 -0.257496864 -0.000524700736 0.96627897 -0.389762938 0.36109373 0.847169518 -0.0964556187 -0.485794693 0.868734598 0.20720157 0.334647804 -0.919281423 0.242918581 0.233596712 -0.941500485 0.0887088329 0.592734933 -0.800497413 0.182102293 0.614390194 -0.767700136 0.256787002 0.0469632968 -0.965326309 0.228822127 0.714539528 -0.661115527 0.221017376 0.38927567 -0.894212365 0.862897873 -0.484956503 0.142212644 0.105353832 -0.991609573 0.074906528 0.340641499 -0.937217414 0.0747459084 -0.256436914 -0.00106305315 0.966560364 0.658196807 0.0391247608 0.751828551 0.860349834 -0.242505208 0.448318422 0.967061996 -0.236610323 0.0938435197 0.95063585 0.0168346222 0.309851617 0.109733097 0.9914608 0.0704561919 0.028215088 0.999357581 -0.0220984109 0.190666288 0.981461644 0.0194794722 -0.0883703381 0.211360604 0.973405063 0.0210023988 0.490106314 0.871409595 -0.155650571 0.562642813 0.81191498 0.0324087702 0.998687267 -0.039666485 0.0538307577 -0.996215045 0.0682479739 0.144507229 -0.988312244 -0.0485447682 0.00512691354 -0.999975801 0.00469938386 0.0509022884 -0.41244629 0.909558713 -0.0605871417 -0.516390204 0.854207456 -0.00354817021 -0.999923646 -0.0118393274 -0.0223329701 -0.0177225787 0.999593496 -0.239746019 -0.0107323844 0.97077632 0.0555041358 0.603305876 -0.795576096 0.224473551 0.158230782 -0.96154803 0.144815058 0.0524107553 -0.988069713 -0.199713379 -0.433566898 0.87871176 0.00176390982 -0.99998796 -0.00457339687 0.000207144476 -0.999996424 -0.00267024618 -0.0957686827 -0.229331523 0.968625546 0.0873676389 -0.60798651 -0.789125621 -0.0388513096 -0.951328218 -0.305720687 0.0971946791 -0.608922243 -0.787252784 0.109418839 -0.000992430258 -0.993995249 0.182608053 -0.568326414 -0.802283883 0.181374967 0.0214341264 -0.983180404 0.131031781 -0.0599457398 -0.989564121 -0.0329703167 0.468411863 -0.882894814 -0.0586456843 0.569329679 -0.820014894 -0.10027951 0.454299897 -0.885186791 -0.0212881528 -0.01747193 0.999620676 0.000419408549 -0.00255341968 0.999996662 -0.000589751406 -0.00780587364 0.999969363 0.349470228 -0.936830401 0.0148091409 0.226489186 -0.971430957 0.0708842352 0.365680307 -0.930734873 0.00324896467 0.192645267 0.0638532862 -0.97918874 -0.00744739501 0.00547254598 -0.999957263 0.00536337774 0.011797294 -0.999916017 0.00664636493 -0.00783481542 -0.99994719 0.186379254 0.0269542504 -0.982108057 0.297268957 -0.954668462 -0.0154699786 0.00710501708 -0.000168630548 -0.999974728 0.0119179934 -0.0320883729 0.999413967 0.232319862 -0.972583652 0.0104175052 -0.014811622 0.52884084 -0.848591805 0.27007404 0.961556077 0.049698472 0.110833935 -0.0139511814 -0.993741035 -0.033436425 0.264662623 0.96376121 -0.030174857 0.622452199 0.782075882 -0.0200763699 -0.0412890352 -0.998945534 0.00242972304 -0.00295808609 -0.999992669 -0.105146177 -0.630548835 -0.768994451 -0.0255922712 0.0276682638 0.999289513 0.0375648066 -0.0237971023 -0.999010801 0.000893237768 0.0205521453 0.999788404 0.00244000065 0.00423559593 0.999988079 0.212432355 0.976856709 0.0249684826 0.34220314 0.939536691 -0.0129554253 0.194771469 0.980530381 0.0249839593 0.000534749182 0.00345192966 0.99999392 -0.000472820742 0.000586513081 0.999999702 0.00203107041 0.999925196 0.0120602585 0.00172026444 0.999951661 0.00967964903 -0.999695957 0.00065139588 0.0246479902 -0.99971813 0.000569668307 0.0237343628 -0.999955714 -0.00071359711 0.00938691758 -0.000464657758 -0.000372957962 0.999999821 0.00336175854 -0.999990344 0.00283847912 0.00360947149 -0.999982178 0.00475995801 -0.000937504868 -0.00104400225 -0.999998987 -0.000935842923 -0.00104199944 -0.999999046 -0.000898415805 -0.00101578503 -0.999999106 -0.99996382 -0.000795409956 0.00847209152 -0.262688398 0.0322317891 0.964342237 0.908448339 -0.278858155 -0.311383605 0.000540113484 -0.999925971 -0.0121547394 0.256632954 -0.00868648291 -0.966469884 -0.260526538 -0.00667516887 0.965443611 -0.147799164 -0.960620344 -0.235295534 -0.00645319233 0.0507016219 0.998692989 0.0334974714 0.568883419 -0.82173568 0.122799836 -0.991585135 0.0409776941 -0.243268549 -0.942956209 -0.227275208 0.379478604 0.925191939 -0.00397668639 0.831088662 0.457974166 -0.315517604 0.735375404 -0.255012423 -0.627846897 0.944043279 0.287365466 -0.161874622 0.896032631 0.380864382 0.228183731 0.913014889 0.178173199 0.366957873 0.787759781 0.541263103 0.29405576 0.894704282 0.226395011 0.385031879 0.942393839 -0.0864268243 0.323147416 0.987986743 0.0200420246 0.153233513 0.697379529 0.566480696 -0.439046085 0.892217636 0.446731031 -0.0661741272 0.713858545 0.688779294 -0.126447618 0.59489274 0.779232621 0.197228536 0.729372382 0.662183583 0.17183964 0.519861758 0.759077072 -0.39184919 -0.256976336 -0.00123678974 0.966416895 -0.25997436 0.00839079265 0.965579033 -0.255949944 0.00589465164 0.966672063 0.270131707 0.00884322822 -0.962782741 0.355817735 0.0666762963 -0.932173789 0.264253229 0.00371438335 -0.964446187 0.522360206 0.849547684 -0.0735429153 0.405299276 0.900610149 0.156951591 -0.256922275 0.0473576598 0.965271056 -0.257098556 0.0059373728 0.966366947 0.36849913 0.827651143 -0.423322469 0.0988113657 0.987578809 -0.122165263 -0.258783072 0.0135639654 0.96584022 -0.249130264 -0.0374440812 0.967745841 0.226984814 0.963243842 0.143663272 0.0724455491 0.996762693 -0.0348682329 -0.0816125572 0.995058477 0.056550514 -0.125774413 0.991693139 -0.0269363932 -0.308674097 0.946100533 0.0980514064 0.255904913 0.00521017658 -0.966687918 -0.52556628 0.0039377138 -0.850743532 -0.158742562 0.0163368583 0.987184823 -0.253880978 -0.0221749116 0.966981232 -0.176578671 -0.0127468994 0.984203994 0.917214751 -0.299764484 0.262408704 0.845334291 -0.419826686 0.330386877 0.898063719 0.196077809 -0.393744886 0.946839511 -0.280079246 -0.158273503 0.777177989 0.214857593 -0.591464758 0.880575538 -0.456610769 -0.12685962 0.820626438 -0.498871952 -0.278745383 0.458504021 -0.873819232 0.161907315 0.291580945 -0.943086982 0.159898356 0.5022434 -0.845583618 0.180941731 0.258816808 -0.00468078302 -0.965915084 0.260433137 -0.00546615478 -0.965476394 0.260798842 -0.0296644475 -0.96493727 0.637987256 -0.752713442 0.162464648 0.781010091 -0.597052515 -0.18317081 0.743596315 -0.634569168 -0.210681081 0.499464273 -0.772720039 -0.391713083 0.37772882 -0.910521567 -0.168141216 0.602637529 -0.781375885 -0.162110269 0.643894613 -0.73749727 -0.203709528 0.25933215 -0.000296148675 -0.965788126 0.263630003 -0.00315577979 -0.964618742 0.689267695 -0.701644719 0.180567816 0.774055719 -0.579743147 0.254431963 0.771825612 -0.585177422 0.248701721 0.272799015 -0.0115698837 -0.962001503 -0.258522481 0.00055332086 0.966005087 -0.219022989 -0.00620049471 0.975700021 0.130374685 -0.957944393 0.255626619 0.0557548106 -0.995651841 -0.0746242702 0.284836918 -0.951342821 0.117536411 0.113489531 -0.97925812 0.167850241 0.261799932 -0.00354143046 -0.965115666 0.255337179 -0.0469926298 -0.965709388 -0.118628353 -0.991942644 -0.0444641747 0.258432269 -0.000293117104 -0.966029346 -0.200739294 -0.795072973 0.572330952 -0.254626781 -0.00776190544 0.967008233 -0.2147405 -0.97119236 -0.103304721 -0.346020788 -0.932831705 -0.100471981 -0.481650084 -0.874406517 0.058535412 -0.714848518 0.641750634 -0.277754664 -0.703953505 0.708771527 -0.0457420982 -0.84386158 0.520481706 -0.130370393 -0.549241126 0.820414603 -0.158915222 -0.519338727 0.854075789 -0.0290154405 0.263149619 0.00143771607 -0.964753985 0.275870591 -0.00517069502 -0.961180866 -0.672102988 0.54913938 -0.496712714 -0.80199641 0.479009092 -0.356864154 -0.559658885 0.73890996 -0.375225186 0.244090989 0.0134756016 -0.969658673 -0.397863716 0.892148316 -0.213952765 -0.389745533 0.914248288 -0.110672601 -0.17800954 0.959463537 -0.218500242 0.0812127739 0.0447187126 -0.995693088 -0.272954941 0.00204918697 0.962024629 0.0152708925 -0.037080843 0.999195576 -0.258833319 -0.000273789308 0.965921938 -0.358521283 0.879787445 -0.312148333 -0.56032145 0.765893996 -0.315351009 -0.0303123016 0.999308228 -0.0215453655 0.181686044 -0.0584628172 0.981617153 0.238688737 -0.0796812251 0.967821538 -0.628396928 0.768727183 -0.1190622 -0.069250226 0.997264087 -0.0258612335 -0.102932386 -0.000805552001 -0.994688034 -0.141020268 -0.00111941888 -0.990006089 -0.12499617 0.00574835343 -0.992140591 -0.0170809142 0.999831736 -0.00669219391 -0.299871892 0.106397502 -0.94802767 -0.272139072 -0.102576993 -0.95677495 -0.259488344 0.00835853443 0.965710044 -0.25794369 0.00209477381 0.966157675 -0.386431754 0.918319345 -0.085791029 -0.378053784 0.920570791 -0.0981061086 -0.0729683042 0.00504023489 -0.997321546 -0.8931638 0.397835135 -0.209727585 -0.913496256 0.348914623 -0.209244221 -0.264389932 0.000244279654 0.964415848 -0.255025953 -0.00630623242 0.96691364 -0.260548323 -0.000532135135 0.965460658 -0.693752229 -0.710734606 -0.116465017 -0.598403096 -0.780633509 -0.180347085 0.188756362 -0.130787179 -0.973275781 -0.525846303 -0.817548275 -0.234734938 0.250748932 -0.00268048118 -0.968048453 -0.536812305 -0.673628867 -0.507992744 -0.696748674 -0.612383664 -0.373533934 -0.791002512 -0.577317715 -0.202532232 -0.888282776 -0.457777172 -0.037332695 -0.0233882442 0.0873443484 0.995903611 -0.275247335 -0.00267605251 0.961369693 0.538020968 0.0150603 0.842796922 0.45539856 0.144826666 0.878428936 0.28661868 0.0849876851 0.954267681 -0.0101883672 0.0443381704 0.998964608 -0.343558401 -0.0261839684 -0.938766241 -0.303925157 -0.935167134 -0.181911796 -0.652733803 -0.434041202 -0.620924175 -0.630239666 -0.746486962 -0.213436514 -0.250689 -0.964463055 -0.0834629238 -0.0900616497 -0.995150805 -0.0395443588 -0.256952345 -0.0269767437 0.966047466 -0.89448303 -0.374825716 -0.243733108 -0.826319993 -0.517375946 -0.222525001 -0.284822881 -0.956573963 -0.0619852021 0.206294432 0.0658074319 0.97627455 -0.210646868 0.0132794762 0.977472007 0.902967513 -0.151901484 -0.401964754 0.25947845 0.00479686586 -0.965736985 0.310203016 0.914717436 0.258971125 0.259171426 0.000309719821 -0.96583128 0.212925434 0.935951352 -0.28045994 0.258484155 0.00217933231 -0.966013014 0.25700444 0.0525324307 -0.964981377 -0.0104327397 0.945093274 -0.326634198 -0.302393526 0.204906657 0.93089819 0.0998382568 -0.0503065661 0.993731141 0.282555073 -0.0224325433 -0.958988726 -0.25748542 -0.0085038133 0.966244757 -0.0473913364 -0.00385071966 -0.998869002 -0.0187353697 -0.00145419524 -0.999823391 0.00580646982 0.00501989899 -0.999970555 0.61091584 0.272502422 0.74331975 0.0472966693 -0.0538036302 -0.997430801 -0.011184535 -0.999839008 0.014030017 -8.44242948e-07 1.36488836e-07 1 -7.7400351e-08 -1.5173039e-07 1 -1.33113167e-06 -9.54917596e-07 1 -0.521391571 0.407110393 -0.749941289 -0.811118841 0.513758123 -0.279533148 -0.66613853 0.687195182 -0.289865941 -0.37681061 0.535295784 -0.755957842 -0.195394307 0.95028013 -0.242463827 -0.288157791 0.922368169 -0.257297665 -0.0958676934 2.35522421e-05 -0.995394111 -0.584148288 0.761976063 -0.279576927 -0.630608559 0.2369169 -0.739055634 -0.967840552 0.105270982 -0.228479162 -0.913192928 0.31392464 -0.259865373 0.565894246 0.773304224 -0.285944611 0.352547258 0.896473467 -0.268413454 0.494357109 0.823800862 -0.277422369 0.197238103 0.95043385 -0.240359381 0.103559695 0.968122423 -0.228066504 0.722145319 0.629787505 -0.286136061 0.89590317 -0.354842007 -0.267291278 0.915288508 -0.307762682 -0.259863496 0.817531645 -0.503909767 -0.278777689 0.750236213 -0.595012724 -0.288280129 0.973421752 -0.0589681193 -0.221298069 0.968359768 -0.102225147 -0.227660567 -0.0956634283 0.000168451734 -0.995413721 -0.0958464146 -2.24422347e-05 -0.995396137 -0.0958493948 -2.19706744e-05 -0.995395839 0.919140756 0.296777934 -0.259042621 0.963297188 0.134246945 -0.232457161 0.969394505 0.0962943509 -0.225835443 0.618895531 0.730831146 -0.287844062 0.382150024 0.884074688 -0.269022971 0.614389896 0.735052407 -0.286745429 -0.137265965 0.962778628 -0.232841909 -0.288728237 0.921924055 -0.258248091 -0.38971445 0.881161273 -0.267726481 0.813741028 0.507929683 -0.282547295 0.887738228 0.375238985 -0.266676903 0.772064507 0.568500102 -0.284119725 0.362389416 0.8929739 -0.266967297 0.110202335 0.967198133 -0.2288737 -0.381049752 0.530615032 -0.757131934 -0.523793936 0.402269065 -0.750879169 -0.628612936 0.723764598 -0.284623533 -0.820972264 0.499076545 -0.277357489 -0.911395252 -0.318225324 -0.260943204 -0.964915335 -0.123367466 -0.231773287 -0.631515265 -0.234578177 -0.739027441 -0.808713615 -0.517360687 -0.279857427 -0.523450136 -0.404437542 -0.749953449 0.673570871 -0.681468487 -0.286186874 0.569935322 -0.769966841 -0.286923051 0.482386649 -0.831109464 -0.276695162 0.352912068 -0.89638108 -0.268242449 0.197244808 -0.950312793 -0.240832075 0.10797821 -0.967391193 -0.229117855 -0.186103702 -0.952865064 -0.239611253 -0.289004415 -0.921610117 -0.259058356 -0.086308755 -0.970559359 -0.224867269 -0.583122671 -0.762938976 -0.279091388 -0.380329698 -0.53202194 -0.756506443 -0.664985657 -0.688143134 -0.290263832 -0.750443935 -0.590756595 -0.29637906 -0.918100536 -0.312261492 -0.244098589 -0.954002321 -0.171237901 -0.246083722 -0.956401467 0.16624479 -0.24012278 -0.916430473 0.319463938 -0.241035268 0.62386167 -0.726628482 -0.287763238 0.820858955 -0.497709572 -0.280135304 0.817045391 -0.504385471 -0.279342294 0.383151084 -0.88362062 -0.269090712 0.619590342 -0.730586648 -0.286968678 0.134960458 -0.963091254 -0.232896805 0.361085176 -0.893427312 -0.267217427 -0.284024298 -0.923575103 -0.257564008 -0.130688339 -0.963899016 -0.231989846 -0.363266587 -0.893090129 -0.265381575 -0.481332809 -0.435147345 -0.760897815 -0.749099791 -0.598433375 -0.28412506 -0.578371286 -0.319500983 -0.750603616 -0.96969521 -0.0931267366 -0.225872949 -0.640706003 -0.187109292 -0.744638145 -0.96301204 -0.135989919 -0.232625335 0.920014381 -0.294164717 -0.258922219 0.949749768 -0.198347479 -0.242143989 0.88314575 0.384318113 -0.268985361 0.968518972 0.100920536 -0.227565393 0.898411453 0.349866092 -0.265425295 0.747318029 0.599227071 -0.287128389 -0.751503646 0.58944881 -0.296297878 -2.97443421e-05 2.06869754e-05 1 -0.000617396377 0.000552516722 0.999999642 -0.000308470742 0.000242090915 0.99999994 -0.000120692195 8.47162519e-05 1 -1.39071126e-05 8.377001e-06 1 1.43632474e-06 8.54427753e-07 1 -5.10592486e-07 3.51801219e-07 1 1.5626465e-05 2.59316448e-06 1 7.15824399e-07 -1.47143305e-06 1 4.91847857e-07 -1.58019293e-06 1 -5.46994806e-06 -2.89296986e-06 1 -2.36652482e-07 4.85670114e-07 1 7.59790851e-07 0 1 -1.52561124e-05 3.28402393e-06 1 4.71543399e-06 2.22075002e-07 1 -4.73180307e-07 2.26542639e-07 1 -2.37875829e-05 -1.56307924e-05 1 5.61118554e-07 1.53510757e-06 1 1.50482292e-05 0 1 5.11812516e-07 0 1 0 5.86103965e-07 1 -5.01194393e-07 -1.1430317e-07 1 2.85127328e-07 -5.46053002e-07 1 -5.56205523e-05 -2.93148169e-05 1 -3.88268489e-07 3.5812019e-07 1 1.24811288e-06 -6.88925525e-07 1 0 -6.17747901e-06 1 -5.72978979e-06 1.27222768e-06 1 -0.000938708312 -0.000393703056 0.999999464 -0.000148174935 -0.000124683764 1 -0.000272900215 -0.000191543339 0.99999994 -2.17108409e-05 2.80841614e-05 -1 -5.80096139e-06 4.78290895e-06 -1 -9.42326005e-06 1.15173953e-05 -1 1.50444987e-06 7.98912225e-08 -1 -1.13757987e-05 -1.26167397e-05 -1 4.43958115e-08 1.34022585e-07 -1 9.5956716e-07 8.85024605e-08 -1 -7.72353269e-06 -6.44130796e-06 -1 3.86773627e-06 1.65043641e-08 -1 -2.13186991e-06 2.39868694e-08 -1 -1.11119325e-05 0 -1 -2.27618284e-06 0 -1 5.72019926e-05 -3.1619674e-08 -1 6.34752942e-05 -2.2279016e-08 -1 -1.44849646e-05 2.17495085e-07 -1 -1.70108542e-05 2.60155758e-07 -1 -2.71808076e-05 -3.17327394e-05 -1 -0.0860133097 0.970725656 -0.224261984 -0.0958030149 -4.7507081e-05 -0.99540031 -0.0958510414 -1.68273546e-05 -0.99539566 -0.0958078131 4.06100626e-05 -0.995399833 -0.0950814486 0.000928634137 -0.995469034 -0.0958038718 1.17582622e-05 -0.99540025 -0.0958858132 -0.000142959951 -0.995392323 -0.0958287194 -1.81198793e-05 -0.995397866 -0.0958101153 -1.0695212e-05 -0.995399654 -0.0958148167 1.43875259e-05 -0.995399177 -0.0958527923 3.10908108e-05 -0.995395541 -0.095938623 0.000128021449 -0.995387256 -0.095676586 -0.00016824725 -0.995412469 -0.0957971513 8.57946434e-05 -0.995400846 -0.096011281 0.000332111376 -0.995380163 -0.0957472175 0.000124118509 -0.995405674 -0.0959504247 -8.24508534e-05 -0.995386124 -0.367570907 -0.536599338 -0.759574115 -0.095689483 -0.000171056439 -0.995411217 -0.573074162 -0.769068241 -0.283054858 0.97355938 0.0648893565 -0.219024092 0.968919754 -0.0967476666 -0.227671668 -0.0958211794 -1.78378777e-05 -0.995398581 -0.0957932025 -9.29294038e-06 -0.995401263 -0.0958565027 2.8583283e-05 -0.995395184 -0.0958604664 6.32671872e-05 -0.995394766 -0.0958827734 0.00012072458 -0.995392621 -0.0959378779 0.000169152976 -0.995387316 -0.095029667 -0.00104524393 -0.995473921 -0.0958117098 4.17702431e-05 -0.995399475 -0.0957448035 0.000135010225 -0.995405912 -0.0959041715 -4.15667637e-05 -0.995390594 -0.681614995 0.0690020099 -0.728450179 -0.0958000645 -4.7303216e-05 -0.995400608 -0.629202008 0.237434089 -0.740087748 -0.0956825018 -0.000171501408 -0.995411873 -0.0957058668 2.52442146e-06 -0.995409667 -0.095937416 -0.00025061451 -0.995387316 0.131782204 0.963556349 -0.232793048 -0.0872095674 0.970453262 -0.224977762 -0.949755669 0.199136108 -0.241472572 -0.968267918 -0.103676371 -0.227394909 0.107310027 -0.967613041 -0.228494078 -0.0865770802 -0.970587552 -0.2246425 -0.886407793 -0.378255069 -0.266841382 -0.965220034 0.122118577 -0.23116529 -0.993386745 -0.101514131 0.0536438003 -0.99837023 -0.0310138166 0.0479065701 -0.999790192 0.00926886033 0.0182664637 -0.999890029 0.0139032919 0.00515773706 -0.999874949 0.0102474485 -0.0120467143 -0.999463558 0.000371506583 -0.0327485316 -0.999056518 -0.00810296834 -0.0426660366 0.745861769 -0.621759474 -0.238967404 0.998376548 -0.0375201814 -0.0428547226 0.993169308 -0.110037193 -0.0388135165 0.99986738 0.00962099619 -0.0131406588 0.99985373 0.0151779996 -0.00788676739 0.999893427 0.0145670148 0.000966836 0.999703944 0.0089034522 0.0226444714 0.998198926 -0.0144951586 0.0582128391 -0.775918424 -0.556895137 0.296341658 -0.0158846714 0.806845844 0.590548456 -0.0506856032 0.383196682 0.922275066 -0.033944387 -0.143869653 0.989014328 -1 2.8615957e-06 -1.66438241e-07 -1 6.73786644e-06 0 -1 3.48008757e-06 -1.98909774e-07 -1 1.2396888e-06 -2.58848075e-07 -1 0 -1.89208848e-07 -0.0513823405 -0.810491383 0.583492577 0.0182742532 -0.862294972 0.506076574 -0.0769371018 0.991743028 -0.102598682 0.0241028871 0.969444275 -0.24412477 -0.0421138667 -0.868796051 -0.493375987 0.000146915743 -0.889892101 -0.456171066 0.999998927 -0.00120116235 -0.000867149793 0.999994636 -0.003136785 0.000944459753 0.999999404 -0.00109226431 -0.000165250734 0.999999821 0.000337318692 -0.000470495521 0.999999344 0.00106670067 -0.000459628442 0.999999285 0.000235399726 -0.00119114306 0.999988079 -0.00295016705 -0.00389003195 -0.0313210003 0.662305474 -0.748578966 -0.0632489771 0.233812675 -0.970222235 -0.00845421292 -0.195637897 -0.980639756 0.998978615 0.0374941565 0.025217222 0.998819888 -0.0479988493 -0.00741530908 0.999422312 -0.00647415034 -0.0333630405 -0.997111857 -0.0711053088 0.0266828854 -0.998474956 0.0188820455 0.0518767014 -0.99876821 0.0109123131 -0.0484047383 -0.519805431 -0.520657241 0.677287459 -0.993257761 -0.0388332792 0.109228842 0.653910816 -0.0389586687 0.755567908 0.991192579 -0.0427082106 0.125352427 -0.847755671 0.26481387 0.45954749 0.996645212 0.0788850784 -0.0218049716 0.979878366 0.198012754 0.0250865072 0.392896473 0.919452071 0.0155002968 0.921306133 -0.347949296 0.173569396 0.991407216 -0.0261074677 -0.128180057 -0.998143017 -0.0523211882 -0.0311932322 -0.98107034 -0.188499287 -0.0443738475 -0.988368809 0.0554068126 -0.141623437 -0.646091163 0.451761693 -0.615205288 0.969122827 0.0173359253 0.245968252 0.966592491 0.00907441974 0.256157488 0.953926742 0.0218497179 0.299242884 0.962866843 -0.259865582 -0.073193416 0.624453664 -0.768871129 0.13745822 0.634242356 -0.662320554 -0.398833513 -0.47007522 -0.879707038 0.0717276931 -0.601960182 0.79611069 -0.0620621219 -0.0238151774 0.999715209 -0.00151546614 -0.0493603386 0.998201966 0.0340056717 0.111970544 -0.993200362 0.0318692736 0.0703816414 -0.99740392 0.0152252 -0.281627506 -0.752293587 -0.595600784 0.52454412 0.487656116 -0.69788605 -0.476678133 -0.853487492 0.210563734 -0.811537623 -0.0382833406 0.583044648 -0.774451196 -0.115889452 0.621928453 -0.666979671 0.606959701 0.432131916 0.861478031 0.0453503393 0.505765676 -0.58105427 0.723346055 0.373023331 0.173881397 -0.984172344 -0.034205623 0.162399471 -0.985959411 -0.0388645455 0.040086247 -0.797704697 -0.601714432 -0.899931431 0.322894663 0.293022931 -0.99259752 0.120616995 -0.0142021421 -0.803505599 0.340148836 0.488546371 0.338605165 -0.322879106 -0.883796155 0.2111312 -0.204813212 -0.955758929 -0.351096243 -0.0658943653 0.934017837 -0.176640704 -0.108575635 0.978268564 0.0396011136 -0.886243463 -0.461523831 0.0298598967 -0.998675823 -0.0418924466 0.00216913479 0.999934256 0.0112590352 -0.000765498611 0.999999225 -0.000959521916 -0.149762526 0.505862355 -0.849514246 -0.94925189 0.264901996 0.169551805 -0.00371145154 -0.999992669 -0.000914403994 -0.0174967386 -0.999270737 -0.0339398123 0.816267371 0.489001632 0.307546705 0.857592225 0.407710433 0.313540757 0.842541516 0.481554151 0.241307616 -0.981550753 -0.184670657 0.0495465696 -0.994428158 -0.0268006939 -0.101952724 -0.859691679 -0.425036252 0.283327401 -0.108274058 -0.985796809 0.128379762 -0.138012305 -0.982202649 0.12739934 -0.748536527 -0.619912148 -0.235376328 0.00205650553 -0.999348164 0.0360426642 -0.0691635832 0.996555865 0.0457466915 -0.661846697 0.508033931 -0.551235378 -0.0324905217 0.999341428 0.0161577202 0.0725117475 0.991946697 0.103845097 0.798669934 -0.573836863 -0.181211457 0.928089619 0.182024926 0.324833184 0.938084245 0.131771743 0.320365667 0.0209464878 -0.995596468 -0.091372177 -0.0514941216 0.99864459 0.00757238595 0.362109631 0.0337412059 0.931524634 0.404486716 0.146791652 0.902686357 -0.0678762645 0.19041279 0.979354799 -0.692946792 -0.516344905 -0.503202438 0.250155687 -0.441065729 -0.861906707 -0.477480978 -0.371491581 -0.79624486 -0.831135988 -0.0572935157 -0.553109765 0.000675483549 -0.999999583 0.000627483707 0.987166882 0.0451294407 0.153182477 -0.367966771 0.929570794 0.0223302785 -0.160213441 0.986363113 0.0376750901 -0.183677763 -0.0356747918 0.982338965 -0.505687952 0.862715483 0.00127714651 -0.273190498 -0.676281154 -0.684113085 -0.316352516 -0.948563874 0.0121537 0.0953070372 0.993430793 0.0633389726 -0.145741388 0.988516986 0.0399208404 0.618880928 -0.18118839 -0.764301777 -0.477084696 -0.817543447 0.322510362 0.836883247 0.0482336879 0.545252144 0.961893797 0.033254195 0.271393508 0.0166959781 -0.785414338 -0.618745148 -0.967284381 -0.0121420883 -0.253403842 0.912437737 0.0524661727 0.405838311 0.926333785 0.0502545349 0.373336524 0.251217932 0.067181237 0.965596318 0.861747503 -0.173476636 0.476756811 0.938991308 -0.0817835927 0.334075958 0.765328288 -0.233009547 0.599982619 -0.953973293 -0.203890309 -0.219917387 -0.957889616 -0.186619326 -0.21822159 -0.196999103 0.16040343 0.967192888 0.481597632 -0.0925123841 -0.871495962 0.294099063 -0.05147193 -0.954387963 -0.731943846 -0.259972483 0.629819453 -0.863698423 -0.411049962 -0.2916556 -0.679340363 -0.657982409 -0.324893594 -0.917507529 0.0410318896 -0.395596236 0.477088273 -0.844669878 -0.242733493 -0.0954125822 -0.908596396 -0.406631351 0.106051587 -0.980693877 -0.164294079 -0.900277972 -0.315497696 0.299934566 -0.454383135 -0.793802083 -0.404245257 0.751108468 0.645371318 0.139039248 0.566086292 0.804407835 0.180206254 0.684126019 0.674142122 0.278395414 0.93588227 0.071976237 -0.34488228 0.661219656 0.0624620542 -0.747587502 0.971229196 -0.114822023 0.208637968 0.852099895 -0.515731514 0.0891447142 -0.848393261 0.487731725 0.205783024 -0.972375989 0.179265395 0.149495155 0.12931177 0.951448143 0.279329389 0.58820641 0.726502895 0.355255872 0.238926485 0.968857229 0.0650365949 0.216080144 0.565308928 0.796074867 0.994082093 -0.0951579958 0.0523997508 0.948155761 0.212216944 0.236568555 0.866355121 0.395721972 -0.304684937 0.880768001 -0.371753067 0.293338329 0.795183957 -0.572188199 -0.200706542 0.180175751 -0.593667686 0.784280181 0.222419202 -0.794710934 -0.564769149 -0.272358894 -0.0858346075 0.95835954 -0.265830278 -0.827257216 0.494954258 -0.298962027 -0.440773904 0.84636879 -0.277629852 -0.683148444 -0.675447881 -0.420989186 -0.315339923 -0.850487411 -0.251909643 -0.296564937 0.921189845 -0.551543415 0.830058694 -0.0824766383 -0.3314192 0.943437696 0.0093053896 -0.784443319 0.610305429 -0.110345058 -0.735931158 0.674128473 -0.0628975332 -0.455430359 0.883016646 0.11342334 -0.299400896 0.918080509 0.259783268 0.536153197 -0.0900581554 -0.839302838 0.906011701 0.00351321441 -0.423238069 0.94590956 -0.00150927703 -0.324426949 -0.926983833 0.367258608 -0.0763023049 -0.927201033 -0.374552459 -0.00294965855 -0.997230053 0.00998555776 0.0737056956 -0.851400018 -0.514330626 -0.102868855 -0.602203012 -0.779850185 -0.170837015 -0.744498074 -0.662514389 -0.0824459791 -0.235012278 -0.927289188 0.291382879 -0.40695855 -0.90084964 0.151177496 0.883548379 0.460721672 0.0841293782 0.605740428 0.795436144 -0.0189719535 5.73795733e-05 0.994566798 -0.10410019 -0.380110741 0.902414501 0.202888757 -0.256878078 0.555289447 -0.790991306 -0.40977028 0.608483136 -0.679585576 0.271713674 0.253385633 -0.928421974 0.52074182 -0.848731577 0.0921012014 0.49898541 -0.847175241 0.182503998 0.259118021 -0.95877409 0.116662353 0.0943176374 -0.99550122 -0.00902684033 -0.222356185 -0.972113252 -0.0745218098 -0.477092296 -0.86393404 -0.161247894 -0.736483037 0.0717778131 -0.672637165 -0.109620184 0.0938361809 -0.989534318 -0.591786623 0.0127238436 -0.805994213 -0.476340622 0.815442681 -0.328865945 0.370407909 0.17690897 -0.911866844 -0.0509866513 0.995130599 0.084352985 -0.767606139 0.399419129 -0.501243651 -0.452302396 0.0128918393 0.891771495 -0.471739858 0.0186414048 0.881540716 -0.456905574 0.0142478505 0.889401078 -0.473870486 0.0192754678 0.880383551 -0.677656353 0.14227058 -0.721485198 -0.691553712 0.223221317 -0.686968446 -0.353729814 -0.0372781046 -0.934604526 -0.255842745 -0.118700676 0.959403276 0.181495786 -0.982918739 0.0304959677 -0.308773249 -0.274384975 0.910698593 -0.295200318 -0.884304702 -0.361748397 0.599084318 -0.783708632 -0.164008453 -0.198573098 -0.970460176 0.137024507 -0.209125102 0.0330544971 0.977330089 -0.258197725 0.000151911096 0.96609211 -0.245463744 0.00980490446 0.969356179 -0.258278668 9.11882817e-05 0.966070473 0.41815871 0.897462428 -0.140372768 0.318891466 0.942860544 -0.0965514705 0.223349482 0.974124253 0.0345967785 0.0876362398 0.313550979 -0.945518732 -0.175821871 -0.98295331 0.0537539311 -0.0503436737 -0.984884202 0.165736735 -0.118953504 -0.98730576 0.105249211 -0.208904237 -0.977660716 0.0232072305 -0.657189786 -0.00113192725 -0.753724277 -0.565095723 -0.00241300883 -0.825021803 -0.0502920486 -0.0938488692 -0.994315386 0.113886453 0.0211928058 -0.993267715 0.290127903 0.901405811 0.321392894 0.978539646 0.0262197778 0.20438379 0.0864161178 0.930165827 0.356824636 0.243424639 -0.218028128 -0.94509691 0.304669708 0.140255615 -0.942074716 0.375188351 0.152662396 -0.914290905 -0.861155808 0.148672447 -0.486114353 -0.634086549 0.748044848 0.195865095 -0.500771105 0.173324451 0.848048925 0.886244595 -0.462850302 0.0184423216 -0.0820148885 0.0542577058 0.995153069 -0.20380874 -0.0614897162 0.977077782 0.430018187 -0.129427984 -0.893494666 0.365286529 0.930196524 0.0360586122 -0.927478552 0.0763594434 -0.365995616 0.370473087 0.0420332551 -0.927891612 0.942411125 0.128578499 -0.308753729 0.942731261 0.224456444 -0.246732742 0.249920934 -0.962502062 0.105495684 0.0948026776 -0.985432982 0.141189039 0.19228819 -0.974065602 0.11925365 -0.0393516496 -0.984875917 0.168733209 0.748550117 -0.0610800572 -0.660258949 0.383131266 -0.0808035061 -0.920152843 0.322798908 -0.0629133135 -0.944374263 0.136241153 -0.00846843794 -0.990639508 0.108401917 -0.000448821404 -0.994107068 -0.947759032 -0.0827179998 -0.308075517 0.384116709 -0.0255293529 -0.922931552 0.554752886 0.11336042 -0.82425642 0.898820162 0.0148880947 -0.438064635 0.952811003 0.0169933941 -0.303088188 0.944570601 -0.230683938 -0.233604997 0.946849644 -0.134869501 -0.292037576 0.144297406 0.980924845 0.130248457 -0.0611532629 0.983035505 0.172920376 0.0522368141 0.987267137 0.150249451 0.19790943 0.973100722 0.117927097 -0.260001153 0.0583332591 0.963844717 0.768704236 0.043041423 -0.638154566 0.503567994 0.856091976 0.116300307 -0.284575343 0.123129785 0.950713396 -0.7495206 0.11443419 -0.65201509 -0.431479782 0.180748641 -0.883829772 -0.905918658 0.0837065578 -0.415095925 0.0100631863 0.999931514 0.00597162778 -0.0435901172 0.998632133 -0.0288753882 -0.00633922918 0.999968946 -0.00468173949 -0.0700876415 0.996475756 -0.0460842773 0.98247987 -0.0389036313 0.182262927 -0.39806962 0.178844377 0.899752855 0.679794073 -0.694047332 0.237019658 0.0432944037 -0.0193432998 -0.998875082 0.281825602 -0.89284128 0.351295859 0.0594609454 -0.91722852 0.393898755 0.967802167 0.173162147 -0.182685196 0.978118062 0.186699152 0.09180668 0.98316896 0.159835622 0.0884952098 0.982652485 -0.122176602 -0.139524147 0.878492892 -0.136989668 0.457694262 0.791170359 0.57415235 0.210709453 0.408558577 0.902633011 0.135401607 -0.108278237 0.992435515 -0.0578584038 0.328273773 0.937997758 0.111339591 0.679440439 -0.690827549 -0.247220472 -0.373754293 -0.927523434 -0.00282485969 -0.87865597 -0.42367357 -0.220146254 -0.15193364 -0.987895906 0.0312703848 -0.324539006 0.943619967 -0.0652368516 -0.350332677 0.934539974 -0.062466085 -0.436499506 0.899442732 0.0216999874 -0.318587422 -0.901073992 0.294223964 -0.316467494 -0.948391497 0.0200471822 0.998282015 0.00605171034 -0.0582789853 0.449027658 -0.146364033 0.881448686 0.581813395 -0.643356383 0.497579813 -0.438084215 0.880313456 0.182017699 -0.502993524 0.8432253 0.189653799 0.753912866 0.0368844271 -0.655938208 -0.0582320504 -0.996769547 0.0553131774 0.204824671 -0.240997702 0.948665857 0.768933237 -0.156040505 0.619994402 -0.838010609 0.235447437 0.492242485 -0.971568584 -0.0476897955 -0.23190555 -0.810181499 0.190332443 0.554418147 0.0732847527 0.207996249 -0.975380361 -0.017541809 0.227933347 -0.973518729 -0.295165747 0.276610106 -0.914529383 -0.351659954 0.284088999 -0.891980231 0.806767821 -0.12551406 0.577383637 0.411273718 -0.540600717 -0.733896971 0.19789879 0.0337535925 -0.97964114 0.0057085501 0.996920586 -0.0782096535 -0.176707223 0.973727763 -0.143627316 -0.185588405 0.971610248 -0.146732643 -0.100686885 -0.889128029 0.446445376 0.407679886 -0.110896118 0.906365931 -0.231133685 -0.000808011799 0.972921669 0.0474160165 0.997875392 -0.0446816869 0.280415475 0.923343003 -0.262306899 0.985691726 0.0673366264 -0.154523686 0.257600695 0.577471852 0.774705231 0.183069348 0.720377147 0.668986142 0.149692804 0.845093548 0.513233781 -0.276492715 -0.627821088 -0.72759366 -0.975122035 -0.124188796 -0.183614284 -0.897354066 -0.0132002346 -0.4411138 -0.27235508 -0.0597789511 0.960338056 -0.632585406 -0.605585992 0.48280564 -0.565312207 0.518283129 -0.641720057 -0.764220357 -0.563046217 -0.314557195 -0.143546745 0.988707364 0.0430361889 -0.0311103407 -0.995293677 0.0917751864 -0.00393555127 -0.999990642 0.0017902354 0.705997109 0.703968823 -0.0774341822 0.966823816 -0.0151704187 0.25499326 0.974057972 0.206437588 -0.0927068442 -0.0311376471 0.994779944 0.0971769691 -0.104671292 0.994506776 -0.000368211069 0.183023334 -0.971893966 0.148069426 0.168724537 -0.975280643 0.142687425 -0.0137424478 -0.997284412 0.0723531768 -0.0290927887 -0.997375607 0.0662989318 -0.52793622 0.746098161 -0.405734956 -0.797688007 0.243223503 -0.551847935 -0.965252936 0.00656751124 -0.26123482 -0.949106872 0.0448179618 -0.311749041 -0.975507557 -0.0242488012 -0.218625233 0.269215465 0.533134997 -0.80205369 -0.0019270503 0.999987543 0.00460540969 0.306326419 -0.0411831811 0.951035261 -0.185512483 0.149292395 -0.971234739 0.213513345 0.924257696 0.316480339 0.074365139 -0.983685911 0.163804412 0.879416764 -0.0896650031 0.467532218 0.763622642 -0.197766438 0.61462909 0.63501209 -0.283658445 0.718538523 -0.301733911 -0.885486424 0.35337016 -0.326585233 0.938862443 0.108992808 -0.113413274 -0.615079641 0.780265629 -0.430203468 -0.902552128 -0.018017767 -0.965880275 0.00252473447 -0.258976638 0.0176835004 0.997115672 -0.0738082603 -0.0197001118 -0.984306276 0.175365433 0.589186788 0.286322266 -0.755564988 -0.806973636 -0.0183030516 -0.590303779 -0.0288379062 -0.995228112 0.0932166278 -0.21167241 0.977200806 0.0165351871 0.947422981 0.00904193427 0.319856048 -0.233653545 0.972228289 0.0133473109 0.222148493 0.885615885 0.407841384 0.789700568 0.166845798 -0.590368927 0.848591089 0.185340643 -0.495521992 -0.179855376 -0.187652379 0.965628624 -0.357842267 -0.144680083 0.922505617 0.170564204 -0.460543603 -0.871095538 -0.145436153 0.491555214 -0.858616233 0.463893443 0.513907194 -0.721597016 -0.258866906 2.70168221e-05 0.965912998 -0.25884971 -9.5915093e-05 0.965917587 -0.259004921 -0.000164095691 0.965875983 0.270537049 0.958038747 0.0947178081 0.043498829 0.979376793 -0.197304189 -0.409665525 0.907031596 -0.0973028392 -0.676018357 0.651890755 -0.34356612 -0.908479095 0.193549782 -0.370410919 -0.512435675 -0.302523881 -0.803672194 0.16001296 0.0257612541 -0.986778677 0.147672445 0.153015062 -0.977128029 -7.22269306e-06 0.0781779736 -0.996939421 -0.174976468 -0.0424663201 -0.983656347 0.0403201729 -0.153401136 -0.987341046 -0.532554746 -0.331552535 -0.778754354 -0.681028008 -0.475249529 -0.557080567 -0.769251168 0.424305856 -0.477720857 -0.502451837 0.269026935 -0.821685255 0.883827209 -0.467781037 -0.00551381567 0.886082828 -0.427478254 -0.17921932 0.868728459 -0.494946271 0.0184127782 0.89584887 0.442247629 -0.0432653576 0.827043772 -0.512700081 -0.230515063 0.724717021 0.341110229 -0.598689497 0.927078366 0.345403641 0.145677939 0.899509847 0.37372452 -0.226300701 0.727100611 -0.64695102 0.22973682 0.860723078 -0.508336008 -0.0273911562 0.201395869 -0.561322987 -0.802718043 -0.154983297 -0.96792537 -0.197738841 -0.2856206 -0.530835986 -0.797893524 0.284112722 -0.951413572 -0.118710652 0.688418806 -0.505122602 -0.520510018 0.158771604 -0.983828247 0.0829066113 0.894105613 -0.393069148 0.21464327 0.946273565 -0.276694298 0.167351753 0.344064623 0.00794515945 -0.938912332 0.360766262 -0.0853175297 -0.928745747 0.103817433 0.166151315 -0.980620027 0.332471877 -0.000890590774 -0.943112731 0.310026199 -0.000247488817 -0.950727999 0.899957299 0.121516176 -0.418701231 0.867779732 0.464358628 0.177001223 0.705377877 -0.197894797 -0.680646479 0.546043754 0.0691934824 -0.8348943 0.428910732 0.226939455 -0.874376416 0.760096431 0.648588955 0.0398213975 0.768338442 0.505157948 -0.393028587 0.652548373 -0.202396795 -0.730216563 0.726801097 -0.464597017 -0.505875289 0.464916736 -0.473658144 -0.747997582 -0.12093851 -0.477180749 -0.870443821 -0.461195201 -0.456882685 -0.760629475 -0.664229095 -0.728257 -0.168645784 -0.624345183 -0.697254777 -0.352177233 -0.505413175 -0.435248077 -0.745061457 0.0929512978 0.0883668065 -0.991741598 0.131305903 0.00356425694 -0.991335511 -0.549314022 0.38960433 -0.73923105 -0.600149691 -0.229733869 -0.766187131 -0.669846833 0.376591265 -0.639909506 -0.0860342458 0.360335529 -0.928846836 0.483488172 0.344539225 -0.804693699 -0.682244718 0.305702686 -0.664144516 -0.318111628 0.376721591 -0.869991839 0.244834051 0.408572853 -0.879275024 0.843309224 0.508957744 -0.172602341 -0.657391071 0.527686834 -0.5379439 -0.25945428 -0.000576364109 0.965755224 -0.259001285 -0.000112068636 0.965876997 -0.258854598 -0.000260136439 0.965916276 -0.259013444 3.1974203e-05 0.965873718 -0.788846552 -0.491125911 -0.369481295 0.838570356 0.305748612 -0.450907439 0.310329109 -0.0223852769 -0.950365603 -0.69941324 -0.472576678 -0.536183238 0.357863694 0.019282544 0.933574736 0.3355304 -0.0546218269 -0.940444469 -0.69558388 -0.356802911 0.623582125</float_array>
          <technique_common>
            <accessor source="#normals_array" count="2136" stride="3">
              <param name="X" type="float" />
              <param name="Y" type="float" />
              <param name="Z" type="float" />
            </accessor>
          </technique_common>
        </source>
        <vertices id="vertices">
          <input semantic="POSITION" source="#positions" />
        </vertices>
        <triangles material="qmat_103403739752e509" count="300">
          <input semantic="VERTEX" source="#vertices" offset="0" />
          <input semantic="NORMAL" source="#normals" offset="1" />
          <p>1129 1707 1130 1708 1131 1709 1132 1710 1133 1711 1134 1712 1133 1711 1135 1713 1134 1712 1136 1714 1132 1715 1137 1716 1130 1717 1138 1718 1131 1719 1139 1720 1132 1710 1134 1712 1135 1713 1137 1721 1134 1712 1137 1722 1140 1723 1141 1724 1137 1725 1129 1707 1131 1709 1137 1722 1141 1724 1129 1726 1142 1727 1143 1728 1144 1729 1145 1730 1146 1731 1147 1732 1148 1733 1144 1729 1149 1734 1150 1735 1145 1736 1140 1723 1140 1737 1145 1738 1148 1733 1150 1739 1139 1720 1151 1740 1152 1741 1139 1720 1149 1734 1145 1730 1149 1742 1146 1731 1153 1743 1149 1734 1145 1744 1154 1745 1142 1746 1147 1747 1154 1748 1146 1731 1143 1749 1154 1748 1143 1749 1142 1750 1155 1751 1156 1752 1157 1753 1155 1751 1157 1753 1158 1754 1156 1755 1159 1756 1157 1753 1156 1755 1160 1757 1159 1756 1155 1758 1160 1757 1156 1755 1161 1759 1162 1760 1163 1761 1161 1759 1163 1761 1164 1762 1162 1763 1161 1763 1165 1763 1151 1764 1166 1765 1161 1766 1165 1767 1167 1768 1164 1762 1152 1741 1149 1734 1168 1769 1161 1759 1164 1762 1167 1768 1166 1770 1167 1768 1165 1767 1160 1757 1151 1740 1159 1756 1159 1756 1152 1741 1168 1769 1166 1771 1158 1754 1168 1769 1132 1710 1169 1772 1133 1711 1136 1714 1169 1773 1132 1715 1141 1724 1130 1774 1129 1726 1169 1775 1170 1775 1133 1775 1170 1776 1169 1773 1136 1714 1131 1719 1138 1718 1141 1777 1133 1711 1170 1778 1135 1713 1170 1776 1136 1714 1135 1713 1154 1745 1147 1747 1146 1779 1138 1780 1130 1774 1141 1724 1136 1714 1137 1721 1135 1713 1137 1716 1132 1715 1139 1720 1171 1781 1139 1720 1134 1712 1134 1712 1137 1721 1171 1782 1148 1733 1139 1720 1171 1781 1171 1783 1137 1725 1131 1709 1140 1737 1171 1781 1131 1719 1140 1737 1131 1719 1141 1777 1150 1739 1137 1716 1139 1720 1137 1722 1150 1735 1140 1723 1171 1781 1140 1737 1148 1733 1144 1784 1147 1747 1142 1746 1144 1729 1143 1728 1172 1785 1143 1749 1146 1731 1172 1786 1172 1786 1146 1731 1149 1742 1144 1784 1148 1787 1145 1788 1144 1784 1145 1788 1147 1747 1172 1785 1149 1734 1144 1729 1151 1740 1139 1720 1152 1741 1149 1734 1139 1720 1148 1733 1150 1735 1151 1764 1145 1736 1145 1736 1151 1764 1153 1789 1160 1790 1155 1791 1158 1792 1163 1793 1165 1767 1164 1762 1162 1794 1165 1767 1163 1793 1153 1789 1151 1764 1161 1766 1161 1766 1166 1765 1165 1795 1167 1768 1153 1796 1161 1759 1149 1734 1153 1743 1168 1769 1168 1797 1153 1796 1167 1768 1159 1756 1151 1740 1152 1741 1166 1798 1168 1798 1167 1798 1151 1764 1158 1792 1166 1765 1158 1754 1157 1753 1168 1769 1157 1753 1159 1756 1168 1769 1151 1764 1160 1790 1158 1792 1173 1799 1174 1800 1175 1801 1176 1802 1177 1803 1178 1804 1179 1805 1180 1805 1178 1805 1177 1803 1174 1800 1181 1806 1182 1807 1181 1808 1183 1809 1182 1807 1173 1810 1184 1811 1184 1811 1185 1812 1182 1807 1185 1812 1184 1811 1186 1813 1187 1814 1175 1801 1188 1815 1189 1816 1190 1817 1191 1818 1192 1819 1190 1817 1189 1816 1193 1820 1194 1821 1192 1822 1193 1820 1195 1823 1194 1821 1196 1824 1195 1823 1193 1820 1180 1825 1176 1825 1196 1825 1180 1826 1177 1803 1176 1802 1197 1827 1177 1828 1180 1829 1197 1830 1174 1800 1177 1803 1188 1831 1175 1801 1174 1800 1194 1832 1198 1832 1199 1832 1200 1833 1180 1834 1196 1835 1200 1833 1201 1836 1202 1837 1202 1837 1203 1838 1200 1833 1204 1839 1202 1840 1205 1841 1201 1836 1196 1835 1198 1842 1206 1843 1198 1842 1193 1844 1192 1845 1207 1846 1208 1847 1192 1845 1208 1847 1206 1843 1207 1846 1209 1848 1210 1849 1206 1850 1190 1817 1194 1821 1207 1851 1190 1817 1206 1850 1211 1852 1212 1853 1191 1818 1213 1854 1214 1855 1215 1856 1216 1857 1214 1858 1213 1859 1216 1857 1213 1859 1211 1860 1189 1861 1217 1862 1207 1846 1218 1863 1219 1864 1220 1865 1214 1866 1187 1814 1212 1853 1215 1856 1211 1867 1213 1854 1180 1834 1200 1833 1221 1868 1175 1801 1186 1869 1173 1799 1222 1870 1223 1871 1186 1872 1173 1873 1186 1872 1223 1871 1183 1874 1224 1875 1173 1876 1224 1877 1181 1877 1173 1877 1173 1799 1181 1806 1174 1800 1179 1878 1178 1878 1225 1878 1178 1879 1226 1879 1225 1879 1226 1880 1178 1804 1177 1803 1178 1804 1200 1881 1176 1802 1221 1882 1227 1882 1178 1882 1200 1883 1178 1883 1227 1883 1188 1884 1197 1827 1182 1885 1185 1886 1188 1884 1182 1885 1197 1827 1180 1829 1182 1885 1226 1887 1182 1807 1180 1888 1226 1887 1180 1888 1179 1889 1181 1808 1182 1807 1226 1887 1225 1890 1226 1890 1179 1890 1181 1806 1226 1880 1177 1803 1224 1891 1228 1892 1229 1893 1229 1893 1181 1894 1224 1891 1228 1895 1224 1875 1183 1874 1183 1874 1230 1896 1228 1895 1229 1897 1228 1895 1230 1896 1231 1898 1229 1897 1230 1896 1181 1808 1230 1899 1183 1809 1231 1900 1181 1900 1229 1900 1181 1808 1231 1901 1230 1899 1183 1809 1173 1810 1182 1807 1184 1811 1173 1810 1223 1902 1223 1902 1222 1903 1184 1811 1222 1903 1186 1904 1184 1811 1187 1905 1188 1905 1185 1905 1216 1906 1187 1814 1185 1907 1212 1853 1187 1814 1216 1906 1189 1816 1212 1853 1216 1906 1189 1816 1191 1818 1212 1853 1192 1822 1194 1821 1190 1817 1196 1824 1176 1802 1195 1823 1197 1830 1188 1831 1174 1800 1194 1821 1195 1823 1198 1908 1232 1909 1206 1909 1199 1909 1200 1910 1233 1910 1198 1910 1176 1802 1198 1908 1195 1823 1200 1881 1198 1908 1176 1802 1221 1911 1200 1911 1227 1911 1221 1868 1178 1912 1180 1834 1204 1913 1200 1913 1203 1913 1202 1840 1204 1839 1203 1914 1201 1915 1233 1916 1205 1841 1202 1840 1201 1915 1205 1841 1200 1917 1204 1918 1233 1919 1233 1919 1204 1918 1205 1920 1233 1916 1201 1915 1198 1921 1198 1842 1196 1835 1193 1844 1199 1922 1198 1923 1232 1924 1198 1923 1206 1925 1232 1924 1193 1844 1192 1845 1206 1843 1210 1849 1208 1847 1207 1846 1209 1926 1207 1926 1234 1926 1209 1927 1234 1928 1210 1929 1235 1930 1236 1931 1208 1932 1208 1932 1210 1929 1235 1930 1234 1928 1235 1930 1210 1929 1236 1933 1235 1934 1234 1935 1234 1935 1207 1936 1236 1933 1206 1937 1236 1937 1207 1937 1208 1932 1236 1931 1206 1938 1207 1851 1191 1818 1190 1817 1217 1939 1211 1852 1191 1818 1217 1862 1189 1861 1211 1860 1211 1940 1215 1940 1214 1940 1211 1852 1214 1866 1212 1853 1192 1845 1189 1861 1207 1846 1189 1861 1216 1857 1211 1860 1237 1941 1186 1942 1238 1943 1237 1941 1238 1943 1218 1863 1220 1865 1237 1941 1218 1863 1214 1944 1219 1945 1238 1946 1238 1946 1219 1945 1218 1947 1214 1948 1239 1948 1219 1948 1238 1949 1186 1949 1214 1949 1187 1814 1214 1866 1186 1869 1237 1950 1216 1857 1186 1813 1216 1857 1185 1812 1186 1813 1214 1858 1216 1857 1237 1950 1239 1951 1220 1865 1219 1864 1220 1952 1239 1953 1214 1858 1214 1858 1237 1950 1220 1952 1207 1851 1217 1939 1191 1818 1199 1954 1206 1850 1194 1821 1196 1835 1201 1836 1200 1833 1175 1801 1187 1814 1186 1869 1240 1955 1241 1956 1242 1957 1243 1958 1244 1959 1245 1960 1244 1959 1246 1961 1247 1962 1242 1957 1241 1956 1248 1963 1245 1964 1249 1965 1243 1966 1250 1967 1240 1968 1251 1969 1241 1970 1251 1971 1248 1963 1252 1972 1253 1973 1254 1974 1245 1960 1244 1959 1247 1962 1251 1969 1255 1975 1256 1976 1255 1977 1242 1957 1248 1963 1251 1971 1256 1978 1248 1963 1249 1979 1256 1980 1243 1958 1256 1981 1246 1982 1257 1983 1246 1984 1244 1985 1257 1986 1244 1985 1255 1987 1257 1986 1244 1959 1256 1980 1255 1988 1249 1965 1246 1982 1256 1981 1255 1977 1258 1989 1259 1990 1255 1977 1248 1963 1258 1989 1260 1991 1252 1992 1261 1993 1262 1994 1252 1972 1254 1974 1257 1983 1263 1995 1264 1996 1257 1997 1259 1990 1263 1998 1252 1972 1263 1995 1259 1999 1257 1983 1264 1996 1256 1981 1265 2000 1264 2001 1259 2002 1259 1990 1258 1989 1266 2003 1262 1994 1261 2004 1264 2005 1262 1994 1264 1996 1263 1995 1260 2006 1267 2007 1253 1973 1253 1973 1267 2007 1254 1974 1268 2008 1269 2009 1270 2010 1270 2011 1269 2009 1271 2012 1272 2013 1273 2014 1274 2015 1275 2016 1276 2017 1270 2010 1273 2018 1277 2019 1274 2020 1277 2019 1278 2021 1274 2020 1279 2022 1278 2023 1277 2024 1278 2023 1280 2025 1281 2026 1279 2022 1282 2027 1278 2023 1272 2013 1274 2015 1282 2027 1265 2000 1259 2002 1280 2028 1265 2000 1281 2029 1264 2001 1268 2008 1280 2030 1266 2003 1268 2008 1266 2003 1269 2009 1276 2017 1281 2031 1268 2008 1271 2012 1269 2009 1281 2032 1276 2033 1271 2034 1281 2035 1241 1970 1250 2036 1251 1971 1251 1969 1240 1968 1242 2037 1241 1970 1240 2038 1250 2036 1245 1964 1247 2039 1249 1965 1260 2040 1261 2004 1267 2007 1260 1991 1253 2041 1252 1992 1247 2039 1246 1982 1249 1965 1251 1969 1242 2037 1255 1975 1244 1959 1243 1958 1256 1980 1258 1989 1248 1963 1256 1978 1254 1974 1267 2007 1262 1994 1261 2004 1262 1994 1267 2007 1259 1990 1257 1997 1255 1977 1256 1978 1264 2042 1258 1989 1280 2030 1259 1990 1266 2003 1258 1989 1264 2042 1266 2003 1261 2043 1252 1972 1259 1999 1264 2005 1261 2004 1259 2044 1252 1972 1262 1994 1263 1995 1275 2045 1270 2011 1271 2012 1279 2022 1273 2046 1272 2013 1270 2010 1276 2017 1268 2008 1276 2033 1275 2047 1271 2034 1277 2048 1273 2046 1279 2022 1268 2008 1281 2031 1280 2049 1279 2022 1272 2013 1282 2027 1264 2042 1281 2032 1266 2003 1280 2050 1282 2027 1265 2051 1278 2023 1282 2027 1280 2025 1282 2027 1274 2015 1265 2051 1265 2000 1274 2052 1281 2029 1274 2052 1278 2053 1281 2029 1281 2032 1269 2009 1266 2003</p>
        </triangles>
        <triangles material="qmat_1163a26947310579" count="136">
          <input semantic="VERTEX" source="#vertices" offset="0" />
          <input semantic="NORMAL" source="#normals" offset="1" />
          <p>1283 2054 1284 2055 1285 2056 1286 2057 1287 2058 1288 2059 1289 2060 1290 2061 1291 2062 1291 2062 1292 2063 1288 2064 1293 2065 1294 2066 1295 2067 1296 2068 1297 2069 1298 2070 1299 2071 1300 2072 1301 2073 1301 2073 1302 2074 1299 2071 1303 2075 1304 2076 1305 2077 1304 2076 1306 2078 1307 2079 1306 2078 1308 2080 1307 2079 1309 2081 1310 2082 1306 2078 1311 2083 1312 2084 1309 2081 1313 2085 1314 2086 1315 2087 1313 2085 1316 2088 1314 2086 1316 2088 1313 2085 1317 2089 1316 2088 1317 2089 1312 2084 1318 2090 1311 2083 1286 2091 1286 2091 1311 2083 1319 2092 1309 2093 1320 2094 1321 2095 1311 2096 1321 2095 1319 2097 1286 2091 1322 2098 1287 2099 1323 2100 1324 2101 1325 2102 1326 2103 1327 2104 1324 2101 1303 2075 1328 2105 1304 2076 1329 2106 1305 2077 1307 2079 1329 2106 1307 2079 1330 2107 1330 2107 1331 2108 1283 2054 1332 2109 1283 2054 1331 2108 1300 2072 1332 2109 1331 2108 1318 2090 1333 2110 1314 2086 1334 2111 1314 2086 1333 2110 1297 2069 1334 2111 1335 2112 1335 2112 1298 2070 1297 2069 1294 2066 1336 2113 1337 2114 1292 2063 1336 2113 1338 2115 1288 2064 1338 2115 1339 2116 1288 2064 1339 2116 1333 2110 1339 2116 1298 2070 1335 2112 1315 2087 1340 2117 1341 2118 1308 2080 1310 2082 1342 2119 1343 2120 1301 2073 1340 2117 1343 2120 1296 2068 1302 2074 1302 2074 1301 2073 1343 2120 1344 2121 1340 2117 1301 2073 1317 2089 1342 2119 1310 2082 1313 2085 1341 2118 1342 2119 1314 2086 1316 2088 1318 2090 1308 2080 1345 2122 1330 2107 1307 2079 1308 2080 1330 2107 1346 2123 1285 2056 1290 2061 1290 2061 1347 2124 1292 2063 1347 2124 1284 2055 1332 2109 1329 2106 1283 2054 1285 2056 1346 2123 1289 2060 1326 2103 1289 2060 1346 2123 1290 2061 1289 2060 1287 2099 1326 2103 1288 2059 1333 2125 1318 2126 1287 2058 1289 2127 1288 2059 1289 2127 1291 2128 1288 2059 1318 2126 1286 2057 1288 2059 1290 2061 1292 2063 1291 2062 1292 2063 1348 2129 1293 2065 1293 2065 1299 2071 1294 2066 1296 2068 1298 2070 1339 2116 1339 2116 1294 2066 1299 2071 1339 2116 1336 2113 1294 2066 1296 2068 1339 2116 1302 2074 1339 2116 1299 2071 1302 2074 1296 2068 1343 2120 1297 2069 1344 2121 1301 2073 1300 2072 1300 2072 1299 2071 1293 2065 1348 2129 1300 2072 1293 2065 1300 2072 1348 2129 1332 2109 1307 2079 1305 2077 1304 2076 1304 2076 1328 2105 1349 2130 1350 2131 1322 2098 1328 2105 1322 2098 1319 2097 1328 2105 1349 2130 1319 2097 1309 2093 1319 2097 1321 2095 1320 2094 1319 2097 1320 2094 1309 2093 1319 2097 1349 2130 1328 2105 1306 2078 1304 2076 1349 2130 1330 2107 1345 2122 1331 2108 1345 2122 1344 2121 1331 2108 1331 2108 1344 2121 1300 2072 1306 2078 1349 2130 1309 2081 1334 2111 1351 2132 1314 2086 1351 2132 1315 2087 1314 2086 1316 2088 1312 2084 1318 2090 1318 2090 1312 2084 1311 2083 1311 2083 1309 2081 1352 2133 1352 2134 1309 2093 1321 2095 1325 2102 1327 2104 1322 2098 1287 2099 1327 2104 1326 2103 1287 2099 1322 2098 1327 2104 1352 2134 1321 2095 1311 2096 1286 2091 1319 2092 1322 2098 1326 2103 1303 2075 1305 2077 1323 2100 1328 2105 1303 2075 1323 2100 1350 2131 1328 2105 1350 2131 1325 2102 1322 2098 1325 2102 1350 2131 1323 2100 1326 2103 1324 2101 1303 2075 1325 2102 1324 2101 1327 2104 1303 2075 1324 2101 1323 2100 1346 2123 1326 2103 1305 2077 1283 2054 1329 2106 1330 2107 1346 2123 1305 2077 1329 2106 1329 2106 1285 2056 1346 2123 1292 2063 1347 2124 1348 2129 1332 2109 1348 2129 1347 2124 1334 2111 1333 2110 1335 2112 1333 2110 1339 2116 1335 2112 1334 2111 1343 2120 1351 2132 1334 2111 1297 2069 1343 2120 1336 2113 1339 2116 1338 2115 1295 2067 1294 2066 1337 2114 1336 2113 1292 2063 1337 2114 1293 2065 1337 2114 1292 2063 1288 2064 1292 2063 1338 2115 1337 2135 1293 2135 1295 2135 1351 2132 1343 2120 1340 2117 1340 2117 1315 2087 1351 2132 1312 2084 1317 2089 1310 2082 1310 2082 1309 2081 1312 2084 1308 2080 1306 2078 1310 2082 1344 2121 1341 2118 1340 2117 1345 2122 1341 2118 1344 2121 1345 2122 1342 2119 1341 2118 1345 2122 1308 2080 1342 2119 1317 2089 1313 2085 1342 2119 1341 2118 1313 2085 1315 2087 1285 2056 1284 2055 1290 2061 1284 2055 1347 2124 1290 2061 1284 2055 1283 2054 1332 2109</p>
        </triangles>
        <triangles material="qmat_497d0fc190a55310" count="189">
          <input semantic="VERTEX" source="#vertices" offset="0" />
          <input semantic="NORMAL" source="#normals" offset="1" />
          <p>73 76 80 83 81 84 29 31 38 40 84 87 127 136 138 147 139 148 142 151 143 152 144 153 399 478 415 479 417 480 412 471 406 464 404 462 418 481 419 482 420 483 421 484 422 485 423 486 422 485 424 487 425 488 426 489 427 490 428 491 429 492 430 493 422 485 417 480 431 494 432 495 429 492 408 496 406 464 436 501 430 493 437 502 449 529 450 530 451 531 465 546 466 550 467 551 458 538 466 550 465 546 468 552 428 491 469 553 470 554 451 555 471 556 472 557 473 558 455 559 410 469 474 560 472 557 475 561 470 554 471 556 476 562 477 563 478 564 474 560 473 558 472 557 479 565 480 566 481 567 485 569 478 564 486 570 488 572 478 564 483 573 492 581 493 582 480 566 531 632 532 633 533 634 531 632 526 627 532 633 534 635 535 636 536 637 536 637 535 636 527 628 537 638 538 639 539 640 530 641 540 642 532 633 538 639 547 656 550 659 559 677 560 678 552 662 561 679 549 680 548 681 562 682 561 679 548 681 552 662 560 678 562 682 562 682 563 683 564 684 552 662 562 682 548 681 546 655 558 685 540 642 560 678 563 683 562 682 530 641 546 655 540 642 527 628 553 663 555 665 535 636 553 663 527 628 577 700 578 701 579 702 584 708 571 692 586 710 577 700 579 702 587 711 587 711 579 702 580 712 560 678 559 677 577 700 577 700 587 711 560 678 560 678 580 712 563 683 588 713 583 707 580 712 561 679 586 714 551 715 578 701 567 688 588 713 583 707 569 690 571 692 600 728 601 729 602 730 611 741 603 731 614 744 611 741 607 736 612 742 498 588 612 742 607 736 618 751 602 730 601 729 602 730 618 751 616 752 619 753 620 754 616 755 620 754 621 756 606 735 622 757 623 758 624 759 625 760 616 752 626 761 628 764 629 765 630 766 634 772 631 767 630 766 655 804 656 805 652 801 645 791 649 797 634 772 634 772 630 766 645 791 646 793 645 791 630 766 659 809 660 810 661 811 663 815 629 822 667 820 664 817 653 823 630 766 647 794 630 766 653 823 663 815 667 820 661 811 666 819 659 809 661 811 574 864 694 865 575 703 693 863 694 868 696 869 683 848 697 870 690 862 690 862 697 870 684 871 697 870 689 872 684 871 688 873 698 874 689 872 676 839 699 875 677 840 677 840 699 875 708 888 688 873 706 885 698 874 80 83 51 54 77 80 73 76 51 54 80 83 143 152 717 910 139 148 717 910 127 136 139 148 413 472 399 457 417 933 414 474 417 480 415 479 406 464 408 496 404 462 409 468 443 513 427 490 418 481 446 521 419 482 418 481 427 490 446 521 468 552 426 489 428 491 423 486 422 485 425 488 428 491 427 490 418 481 426 489 409 468 427 490 422 485 430 493 424 487 429 492 437 502 430 493 432 495 421 484 423 486 432 495 431 494 421 484 417 480 414 474 431 494 437 502 429 492 406 464 458 538 469 553 466 550 469 553 458 538 457 537 457 537 468 552 469 553 465 546 453 533 458 538 467 551 459 539 465 546 476 562 501 947 492 581 508 602 451 555 450 948 508 602 471 556 451 555 474 560 502 593 473 558 476 562 478 564 501 947 485 569 501 947 478 564 500 590 479 565 481 567 492 581 479 565 476 562 478 564 477 563 484 600 479 565 492 581 480 566 503 603 508 602 450 948 532 633 526 627 530 641 531 632 536 637 526 627 536 637 527 628 526 627 535 636 556 666 553 668 539 674 550 958 547 675 562 682 564 684 576 697 562 682 576 697 561 679 539 640 538 639 550 659 558 685 546 655 538 639 549 680 561 679 551 715 557 670 696 867 574 695 586 714 571 959 551 715 561 679 584 708 586 710 560 678 587 711 580 712 580 712 579 702 588 713 583 707 588 713 569 690 576 697 584 708 561 679 588 713 579 702 578 701 569 690 588 713 567 688 584 708 583 707 571 692 611 741 615 745 603 731 611 741 614 744 727 972 611 741 497 587 607 736 727 972 497 587 611 741 498 588 617 749 612 742 507 599 727 972 613 743 727 972 614 744 613 743 620 754 606 735 616 755 606 735 605 734 616 755 728 974 618 751 601 729 618 751 626 761 616 752 635 774 621 756 625 760 601 729 622 757 624 759 729 976 606 735 621 756 622 977 726 978 623 979 635 774 625 760 626 761 664 817 630 766 629 822 726 978 632 982 623 979 635 774 729 976 621 756 622 977 601 729 726 978 647 794 653 823 652 801 655 804 649 797 656 805 652 801 656 805 647 794 645 791 656 805 649 797 657 991 654 992 659 809 663 815 664 817 629 822 647 794 646 793 630 766 666 819 661 811 667 820 666 819 657 991 659 809 685 850 698 874 570 884 690 856 684 849 566 857 575 703 694 865 691 859 696 869 695 997 693 863 695 997 676 839 693 863 574 998 696 869 694 868 693 863 676 839 677 840 689 872 698 874 685 850 697 870 683 848 681 845 684 871 689 872 685 850 678 999 677 840 708 888 676 839 675 838 699 875 706 885 708 888 707 886 708 888 699 875 704 887 678 999 708 888 688 873 688 873 708 888 706 885</p>
        </triangles>
        <triangles material="qmat_4b294f1aa1dfaafb" count="1992">
          <input semantic="VERTEX" source="#vertices" offset="0" />
          <input semantic="NORMAL" source="#normals" offset="1" />
          <p>0 0 1 1 2 2 3 3 4 4 5 5 6 6 7 7 8 8 1 1 5 5 9 9 2 2 10 10 11 11 7 7 12 12 13 13 14 14 0 0 6 6 15 15 16 16 17 17 18 18 3 3 1 1 0 0 19 19 18 18 27 29 28 30 29 31 30 32 31 33 32 34 31 33 33 35 34 36 35 37 19 19 14 14 36 38 37 39 4 4 19 19 36 38 3 3 8 8 34 36 6 6 27 29 13 13 28 30 29 31 28 30 38 40 14 14 6 6 34 36 32 34 27 29 30 32 30 32 27 29 29 31 39 41 40 42 41 43 41 43 42 44 43 45 44 46 45 47 46 48 47 49 48 50 49 51 40 52 50 53 45 47 49 51 33 35 31 33 39 41 41 43 51 54 48 50 52 55 53 56 43 45 42 44 52 55 43 45 52 55 48 50 54 57 55 58 56 59 57 60 58 61 59 62 60 63 61 64 62 65 56 59 34 36 53 56 36 38 35 37 56 59 63 66 64 67 65 68 62 65 66 69 59 62 54 57 66 69 62 65 56 59 55 58 36 38 54 57 62 65 55 58 60 63 64 67 63 66 55 58 65 68 37 39 67 70 68 71 69 72 68 71 70 73 71 74 68 71 71 74 72 75 51 54 41 43 47 49 51 54 73 76 74 77 75 78 76 79 50 53 49 51 30 32 77 80 77 80 30 32 78 81 49 51 31 33 30 32 39 41 79 82 75 78 75 78 82 85 76 79 79 82 83 86 82 85 81 84 78 81 84 87 82 85 83 86 85 88 76 79 82 85 70 73 86 89 87 90 88 91 88 91 87 90 89 92 90 93 91 94 92 95 91 94 93 96 92 95 94 97 95 98 96 99 10 100 9 9 97 101 11 11 10 10 98 102 98 102 97 103 99 104 100 105 101 106 102 107 103 108 104 109 105 110 25 111 24 111 102 111 104 109 103 108 106 112 106 112 103 108 107 113 108 114 90 93 97 115 90 93 92 95 106 112 88 91 105 110 104 109 92 95 88 91 104 109 4 4 109 116 108 114 110 119 111 120 112 121 112 121 111 120 113 122 111 120 114 123 113 122 115 124 113 122 116 125 37 39 115 124 116 125 117 126 93 96 91 94 116 125 118 127 117 126 119 128 120 129 121 130 122 131 119 128 121 130 123 132 124 133 122 131 125 134 126 135 127 136 128 137 126 135 125 134 129 138 130 139 131 140 118 127 132 141 93 96 93 96 132 141 133 142 132 141 128 137 133 142 122 131 121 130 126 135 134 143 135 144 71 74 72 75 71 74 130 139 136 145 137 146 120 129 130 139 136 145 120 129 135 144 140 149 137 146 138 147 137 146 139 148 121 130 137 146 138 147 126 135 138 147 127 136 87 90 127 136 141 150 125 134 127 136 87 90 12 12 145 154 146 155 145 154 0 0 147 156 145 154 148 157 149 158 149 158 146 155 145 154 150 159 151 160 17 17 150 159 152 161 153 162 13 13 154 163 28 30 28 30 155 164 156 165 154 163 157 166 155 164 146 155 149 158 157 166 17 17 16 16 150 159 158 167 159 168 160 169 160 170 157 171 161 172 21 173 162 174 161 172 157 171 148 157 161 172 157 171 149 175 148 157 148 157 147 156 21 173 163 176 159 168 164 177 158 167 160 169 165 178 164 177 159 168 158 167 167 181 168 182 169 183 170 184 171 185 172 186 169 183 168 182 171 185 171 185 173 187 174 188 168 182 175 189 173 187 176 190 165 178 177 191 177 192 165 193 178 194 179 195 177 191 180 196 181 197 179 195 182 198 183 199 169 183 170 184 169 183 182 198 167 181 38 40 184 200 84 87 73 76 81 84 185 201 73 76 185 201 74 77 81 84 184 200 185 201 186 202 185 201 187 203 188 204 186 202 187 203 74 77 189 205 79 82 79 82 189 205 83 86 74 77 186 202 188 204 189 205 188 204 190 206 190 206 191 207 179 195 191 207 176 190 179 195 83 86 189 205 85 88 185 201 164 177 187 203 185 201 163 176 164 177 107 113 192 208 161 209 193 210 107 113 194 211 195 212 196 213 197 214 198 215 101 106 199 216 152 161 198 215 153 162 200 217 153 162 199 216 200 217 199 216 166 218 150 159 153 162 200 217 99 104 106 219 162 180 107 113 103 108 192 208 105 110 195 212 192 208 103 108 105 110 192 208 165 193 201 220 202 221 203 222 204 223 201 224 196 213 204 223 203 222 204 223 202 225 201 224 161 172 197 226 165 193 165 193 197 226 203 227 162 174 193 228 194 229 205 230 206 231 207 232 182 233 206 234 208 235 205 230 208 236 206 231 204 223 209 237 202 225 167 238 182 233 208 235 182 233 180 239 206 234 168 240 167 238 175 241 207 232 206 231 178 242 175 241 167 238 208 235 210 243 178 242 202 225 211 244 207 232 210 243 212 245 208 236 205 230 173 187 208 236 212 245 173 187 175 189 208 236 213 246 214 247 205 230 171 185 174 188 172 186 174 188 212 245 172 186 96 99 144 153 94 97 144 153 215 248 216 249 211 244 210 243 217 250 215 248 144 153 218 251 144 153 143 152 218 251 85 88 219 252 134 143 220 253 221 254 215 248 222 255 214 247 223 256 216 249 224 257 204 223 213 246 211 244 225 258 219 252 225 258 226 259 226 259 220 253 227 260 221 254 210 243 209 237 221 254 217 250 210 243 140 149 226 259 227 260 139 148 140 149 227 260 143 152 227 260 218 251 213 246 207 232 211 244 42 44 40 42 228 261 42 44 228 261 229 262 228 263 44 46 229 262 66 69 230 264 59 62 57 60 59 62 231 265 59 62 230 264 231 265 46 48 232 266 233 267 229 262 234 268 235 269 236 270 237 271 238 272 233 267 237 271 236 270 239 273 233 267 240 274 231 265 241 275 242 276 242 276 241 275 243 277 244 278 229 262 235 269 236 270 238 272 245 279 246 280 236 270 245 279 247 281 240 274 248 282 230 264 249 283 250 284 251 285 240 274 247 281 252 286 253 287 249 283 254 288 239 273 251 285 255 289 254 288 256 290 246 280 245 279 257 291 248 282 246 280 258 292 248 282 236 270 246 280 247 281 248 282 258 292 230 264 250 284 241 275 252 286 249 283 230 264 235 269 239 273 254 288 258 292 246 280 259 293 259 293 246 280 257 291 253 287 244 278 255 289 256 290 251 285 260 294 253 287 261 295 249 283 247 281 258 292 262 296 250 284 249 283 263 297 259 293 257 291 264 298 258 292 259 293 265 299 266 300 256 290 260 294 267 301 268 302 269 303 266 304 270 305 255 289 266 304 255 289 256 290 255 289 271 306 253 287 270 305 272 307 273 308 274 309 270 305 273 308 275 310 276 311 272 307 276 311 273 308 272 307 277 312 274 309 278 313 279 314 276 311 275 310 280 315 281 316 282 317 268 302 267 301 282 317 267 301 283 318 282 317 282 319 283 318 284 320 283 318 267 301 285 321 286 322 287 323 288 324 284 325 286 322 288 324 289 326 264 298 290 327 265 299 259 293 289 326 288 328 291 329 292 330 262 296 265 299 287 323 285 321 286 322 284 325 267 301 269 331 285 321 249 283 293 332 263 297 294 333 295 334 286 322 268 302 296 335 295 334 277 312 278 313 297 336 261 295 293 332 249 283 298 337 262 296 287 323 296 335 260 294 298 337 269 303 268 302 294 333 299 338 300 339 301 340 278 313 299 338 302 341 299 338 301 340 302 341 303 342 304 343 305 344 280 315 284 345 306 346 307 347 308 348 309 349 308 350 280 315 309 351 310 352 311 353 280 315 310 352 280 315 312 354 309 349 311 355 313 356 314 357 129 138 131 140 242 276 315 358 111 120 242 276 316 359 315 358 317 360 318 361 319 362 113 122 319 362 118 127 114 123 319 362 113 122 320 363 129 138 314 357 132 141 321 364 322 365 132 141 319 362 321 364 242 276 243 277 316 359 243 277 323 366 316 359 324 367 325 368 245 279 324 367 326 369 327 370 328 371 329 372 321 364 318 361 328 371 319 362 329 373 326 369 321 364 131 140 326 369 314 357 323 374 250 284 330 375 324 367 331 376 332 377 330 375 333 378 318 361 329 373 334 379 327 370 328 371 334 380 329 372 329 373 327 370 326 369 264 298 325 368 335 381 332 377 335 381 325 368 331 376 327 370 336 382 250 284 263 297 330 375 330 375 263 297 333 378 333 378 337 383 338 384 334 379 339 385 336 382 340 386 341 387 342 388 291 389 343 390 340 391 344 392 345 393 343 390 288 324 289 326 291 389 341 394 346 395 347 396 343 390 291 389 290 327 292 330 291 329 340 386 335 381 290 327 264 298 333 378 348 397 337 383 263 297 349 398 350 399 263 297 350 399 333 378 351 400 352 401 344 392 351 400 353 402 352 401 354 403 355 404 338 384 351 400 356 405 357 406 358 407 352 401 353 402 344 392 332 377 351 400 346 395 358 407 359 408 305 344 349 398 360 409 350 399 361 410 348 397 349 398 362 411 350 399 305 344 363 412 349 398 350 399 348 397 333 378 303 342 305 344 360 409 360 409 349 398 263 297 346 395 359 408 347 396 347 396 359 408 364 413 365 414 350 399 362 411 341 387 347 415 364 416 338 384 355 404 366 417 367 418 368 419 358 407 366 417 368 420 367 421 355 404 369 422 366 417 370 423 371 424 372 425 337 383 348 397 354 403 354 403 373 426 355 404 357 406 339 385 353 402 369 422 373 426 374 427 369 422 374 427 370 423 364 413 359 408 375 428 376 429 377 430 378 431 378 432 379 433 380 434 342 388 368 419 377 430 381 435 372 425 368 436 382 437 292 438 383 439 380 434 384 440 376 441 292 438 385 442 386 443 292 330 376 429 385 444 376 429 387 445 385 444 376 429 388 446 387 445 299 338 389 447 300 339 389 447 390 448 300 339 391 449 390 448 304 343 300 339 390 448 301 340 392 450 393 451 390 448 394 452 392 450 389 447 395 453 396 454 397 455 276 311 397 455 273 308 398 456 399 457 400 458 274 309 401 459 402 460 274 309 273 308 403 461 397 455 404 462 399 457 396 454 394 452 403 461 274 309 403 461 401 459 405 463 406 464 407 465 403 461 273 308 396 454 408 466 400 458 404 467 395 453 394 452 396 454 409 468 410 469 411 470 412 471 397 455 276 311 407 465 406 464 412 471 411 470 410 469 413 472 398 473 414 474 415 475 398 473 415 475 399 476 395 453 416 477 394 452 433 497 424 487 430 493 434 498 432 495 423 486 400 458 429 499 435 500 398 456 400 458 435 500 436 501 437 502 405 463 438 503 429 499 422 504 439 505 421 506 431 494 398 473 439 505 431 494 411 507 417 508 440 509 438 503 435 500 429 499 434 510 441 511 442 512 443 513 440 514 444 515 443 513 444 515 427 490 433 497 425 516 424 487 423 486 425 517 441 518 439 505 438 503 445 519 438 520 422 485 421 484 444 515 446 521 427 490 447 522 428 523 418 481 442 512 308 348 448 524 444 515 434 510 442 512 444 515 442 525 419 482 405 526 281 527 436 528 452 532 453 533 454 534 455 535 456 536 397 455 410 469 457 537 452 532 453 533 457 537 458 538 410 469 455 535 413 472 449 529 459 539 460 540 454 534 461 541 449 529 461 541 459 539 449 529 453 533 461 541 454 534 462 542 463 543 447 544 462 542 420 483 464 545 453 533 465 546 461 547 461 547 465 546 459 539 466 548 462 542 467 549 482 568 483 568 484 568 487 571 486 571 478 571 487 574 478 564 488 572 487 575 488 572 452 576 489 577 488 572 483 573 395 453 490 578 416 477 482 579 491 580 489 577 494 583 493 582 492 581 489 584 483 584 482 584 495 585 496 586 485 569 486 570 495 585 485 569 497 587 481 567 498 588 499 589 479 565 500 590 496 591 501 591 485 591 452 592 502 593 474 560 499 589 500 590 497 587 460 594 503 594 450 594 504 595 499 589 497 587 495 585 505 596 494 583 506 597 476 598 499 589 477 563 504 595 507 599 477 563 507 599 484 600 494 583 505 596 493 601 505 596 508 602 503 603 505 596 503 604 493 601 498 588 481 567 448 524 480 605 493 605 481 605 496 586 494 583 501 606 494 583 492 581 501 606 509 607 510 608 511 609 308 348 307 347 512 610 310 611 312 612 513 613 514 614 311 355 515 615 313 356 311 355 514 614 510 608 309 349 313 356 308 348 512 610 516 616 512 610 509 607 517 617 306 618 382 437 518 619 517 617 313 356 519 620 520 621 365 414 521 622 363 412 521 622 365 414 373 426 522 623 374 427 365 414 523 624 522 623 523 624 524 625 371 424 371 424 525 626 372 425 526 627 527 628 528 629 361 410 522 623 373 426 374 427 522 623 370 423 528 629 529 630 530 631 540 643 541 644 542 645 541 646 543 647 537 648 537 649 539 649 379 649 542 650 541 646 377 651 537 648 379 433 378 432 541 646 537 648 378 432 533 652 542 650 377 651 521 622 544 653 520 621 529 630 545 654 546 655 545 654 547 656 538 639 548 657 549 658 545 654 547 660 551 661 379 433 552 662 548 657 529 630 553 663 554 664 555 665 556 666 554 667 553 668 534 669 557 670 556 671 558 672 543 673 541 644 539 674 547 675 379 676 540 643 558 672 541 644 565 686 566 687 567 688 524 625 568 689 371 424 569 690 570 691 571 692 564 684 572 693 573 694 557 670 574 695 575 696 564 684 573 694 576 697 577 698 565 686 578 699 557 670 575 703 556 671 556 671 575 703 554 664 554 664 575 703 577 698 580 704 581 705 582 706 582 706 581 705 564 684 572 693 583 707 584 708 551 661 585 709 380 434 380 434 589 716 384 440 590 717 591 718 376 441 591 718 592 719 376 441 593 720 594 721 589 716 594 721 595 722 591 718 385 442 387 723 596 724 597 725 598 726 393 451 393 451 599 727 390 448 491 580 603 731 604 732 604 733 605 734 606 735 507 599 491 580 484 600 497 587 498 588 607 736 608 737 609 738 610 739 609 740 611 741 612 742 613 743 614 744 603 731 615 745 608 737 605 746 615 745 605 746 603 731 610 739 605 746 608 737 610 747 602 730 616 748 610 739 617 749 600 750 448 524 617 749 498 588 627 762 456 536 502 763 489 577 491 580 627 762 631 767 628 764 630 766 631 768 632 769 628 770 628 770 632 769 633 771 632 773 624 759 623 758 635 774 632 769 631 768 635 775 626 775 632 775 636 776 621 777 620 754 636 776 619 753 625 760 598 778 518 779 599 780 637 781 638 782 518 779 639 783 627 784 637 781 456 536 637 785 640 786 640 786 637 785 641 787 642 788 638 782 627 784 643 789 644 790 645 791 643 792 646 793 647 794 456 536 639 795 637 785 648 796 634 772 649 797 650 798 651 799 641 787 637 785 650 798 641 787 642 800 652 801 638 802 652 803 653 803 654 803 654 806 657 807 658 808 658 812 662 813 518 779 662 814 516 616 519 620 663 815 654 816 664 817 665 818 666 819 667 820 658 808 665 821 662 814 668 824 310 611 513 613 513 825 669 826 518 779 513 613 312 612 669 827 515 828 668 829 514 830 518 619 382 437 383 439 518 779 383 831 386 832 670 833 671 834 672 835 390 448 599 727 673 836 673 836 670 833 672 835 674 837 675 838 676 839 677 840 678 841 679 842 679 843 680 844 681 845 678 841 680 846 679 842 682 847 679 843 683 848 684 849 685 850 686 851 566 687 686 852 569 690 687 853 688 854 689 855 690 856 566 857 565 858 567 688 566 687 569 690 691 859 692 860 682 847 565 861 683 848 690 862 577 698 683 848 565 686 692 860 693 863 677 840 575 703 691 859 577 698 568 689 695 866 557 670 557 670 695 866 696 867 671 834 700 876 672 835 701 877 702 878 674 879 675 880 703 881 704 882 698 874 705 883 570 884 706 885 707 886 705 883 568 689 701 877 695 866 699 875 675 838 704 887 706 885 705 883 698 874 704 882 703 881 709 889 670 833 710 890 671 834 710 890 711 891 700 876 700 876 701 877 568 689 712 892 703 893 713 894 599 780 712 895 670 896 710 897 712 892 711 898 711 891 713 899 702 878 712 895 585 900 714 901 595 722 592 719 591 718 376 441 715 902 388 903 585 709 592 719 595 722 712 895 592 904 585 900 593 720 595 722 594 721 715 905 596 906 716 907 0 0 18 18 1 1 12 12 0 0 145 154 7 7 0 0 12 12 19 19 0 0 14 14 1 1 3 3 5 5 10 100 1 1 9 9 2 2 1 1 10 100 15 21 22 24 25 908 6 6 0 0 7 7 27 29 7 7 13 13 154 163 13 13 12 12 32 34 8 8 7 7 18 18 19 19 3 3 32 34 7 7 27 29 35 37 14 14 34 36 19 19 35 37 36 38 3 3 36 38 4 4 8 8 31 33 34 36 32 34 31 33 8 8 40 52 39 41 50 53 41 43 40 42 42 44 228 263 40 52 45 47 228 263 45 47 44 46 52 55 42 44 66 69 52 55 66 69 54 57 47 49 49 51 77 80 48 50 53 56 33 35 46 48 45 47 67 70 49 51 48 50 33 35 47 49 41 43 43 45 47 49 43 45 48 50 53 56 52 55 54 57 54 57 56 59 53 56 60 63 57 60 242 276 59 62 58 61 62 65 58 61 57 60 60 63 58 61 60 63 62 65 61 64 63 66 55 58 34 36 56 59 35 37 33 35 53 56 34 36 55 58 37 39 36 38 55 58 62 65 61 64 63 66 61 64 60 63 55 58 63 66 65 68 64 67 60 63 110 119 60 63 242 276 110 119 46 48 67 70 232 266 232 266 67 70 69 72 232 266 69 72 237 271 70 73 85 88 134 143 51 54 47 49 77 80 67 70 45 47 76 79 50 53 39 41 75 78 51 54 74 77 79 82 78 81 30 32 29 31 51 54 79 82 39 41 75 78 79 82 82 85 45 47 50 53 76 79 80 83 77 80 78 81 81 84 80 83 78 81 70 73 82 85 85 88 67 70 76 79 68 71 76 79 70 73 68 71 78 81 29 31 84 87 88 91 133 142 86 89 108 114 109 116 90 93 105 110 89 92 195 212 89 92 94 97 195 212 90 93 109 116 91 94 4 4 116 125 109 116 92 95 93 96 133 142 87 90 141 150 89 92 89 92 95 98 94 97 4 4 37 39 116 125 98 102 10 10 97 103 99 104 97 103 106 219 9 9 5 5 108 114 9 9 108 114 97 115 23 25 20 20 26 909 100 105 23 25 26 909 97 115 90 93 106 112 104 109 106 112 92 95 88 91 89 92 105 110 92 95 133 142 88 91 5 5 4 4 108 114 109 116 116 125 91 94 91 94 116 125 117 126 110 119 112 121 115 124 115 124 112 121 113 122 110 119 242 276 111 120 111 120 315 358 114 123 117 126 118 127 93 96 116 125 113 122 118 127 37 39 65 68 115 124 65 68 110 119 115 124 65 68 64 67 110 119 119 128 124 133 130 139 123 132 322 365 124 133 128 137 123 132 122 131 126 135 128 137 122 131 132 141 322 365 123 132 128 137 132 141 123 132 122 131 124 133 119 128 118 127 319 362 132 141 133 142 128 137 125 134 86 89 133 142 125 134 138 147 126 135 121 130 69 72 68 71 72 75 129 138 69 72 72 75 71 74 70 73 134 143 135 144 136 145 71 74 134 143 219 252 135 144 130 139 71 74 136 145 119 128 130 139 120 129 95 98 127 136 717 910 129 138 72 75 130 139 144 153 96 99 142 151 95 98 717 910 142 151 96 99 95 98 142 151 136 145 135 144 137 146 139 148 137 146 140 149 141 150 127 136 95 98 89 92 141 150 95 98 121 130 120 129 137 146 86 89 125 134 87 90 142 151 717 910 143 152 147 156 2 2 21 22 148 157 145 154 147 156 16 16 152 161 150 159 154 163 12 12 146 155 28 30 154 163 155 164 184 200 38 40 28 30 163 176 28 30 156 165 147 156 0 0 2 2 154 163 146 155 157 166 17 17 151 160 166 218 156 165 155 164 159 168 165 193 160 170 161 172 159 168 155 164 160 169 160 169 155 164 157 166 161 172 148 157 21 173 163 176 156 165 159 168 176 190 158 167 165 178 183 199 170 184 172 186 170 184 169 183 171 185 171 185 168 182 173 187 187 203 158 167 176 190 180 239 177 192 178 194 180 239 178 194 206 234 179 195 176 190 177 191 182 198 179 195 180 196 183 199 222 255 181 197 183 199 181 197 169 183 181 197 182 198 169 183 184 200 28 30 163 176 74 77 185 201 186 202 184 200 81 84 84 87 190 206 181 197 222 255 718 911 190 206 222 255 190 206 179 195 181 197 185 201 184 200 163 176 189 205 74 77 188 204 190 206 188 204 191 207 191 207 187 203 176 190 188 204 187 203 191 207 189 205 190 206 718 911 85 88 189 205 718 911 187 203 164 177 158 167 222 255 183 199 214 247 192 208 195 212 161 209 196 213 216 249 204 223 195 212 216 249 196 213 195 212 94 97 216 249 161 209 195 212 197 214 152 912 16 912 198 912 106 112 107 113 193 210 153 162 198 215 199 216 166 218 151 160 200 217 151 160 150 159 200 217 201 220 165 193 203 227 197 214 196 213 203 222 194 211 107 113 161 209 162 180 106 219 193 913 161 172 162 174 194 229 205 230 207 232 213 246 178 194 165 193 202 221 210 243 207 232 178 242 172 186 212 245 205 230 174 188 173 187 212 245 209 237 210 243 202 225 172 186 205 230 214 247 216 249 94 97 144 153 224 257 216 249 215 248 224 257 215 248 221 254 215 248 218 251 220 253 224 257 221 254 209 237 718 911 222 255 223 256 219 252 718 911 223 256 85 88 718 911 219 252 204 223 224 257 209 237 225 258 211 244 217 250 214 247 183 199 172 186 135 144 219 252 226 259 223 256 214 247 213 246 219 252 213 246 225 258 219 252 223 256 213 246 135 144 226 259 140 149 225 258 221 254 220 253 221 254 225 258 217 250 226 259 225 258 220 253 143 152 139 148 227 260 227 260 220 253 218 251 234 268 44 46 46 48 234 268 229 262 44 46 66 69 252 286 230 264 234 268 46 48 233 267 235 269 234 268 239 273 233 267 232 266 237 271 231 265 230 264 241 275 239 273 234 268 233 267 66 69 42 44 252 286 57 60 231 265 242 276 229 262 244 278 42 44 240 274 233 267 236 270 248 282 240 274 236 270 252 286 42 44 244 278 241 275 250 284 323 374 251 285 239 273 240 274 256 290 254 288 251 285 255 289 244 278 254 288 244 278 253 287 252 286 254 288 244 278 235 269 253 287 297 336 261 295 260 294 251 285 247 281 270 305 266 304 719 914 719 914 272 307 270 305 296 335 272 307 719 915 275 310 272 307 296 335 275 310 296 335 268 302 296 335 719 915 266 300 270 305 271 306 255 289 277 312 271 306 270 305 296 335 266 300 260 294 274 309 277 312 270 305 278 313 274 309 402 460 279 916 275 310 282 317 436 528 281 527 280 917 433 918 280 917 425 919 436 528 280 917 433 918 279 314 407 465 276 311 281 316 279 916 282 317 282 317 275 310 268 302 286 322 295 334 287 323 288 324 287 323 289 326 289 326 259 293 264 298 287 323 265 299 289 326 306 346 288 328 292 330 306 346 284 345 288 328 284 320 283 318 285 321 269 303 294 333 720 920 285 321 269 331 720 920 720 920 294 333 286 322 720 920 286 322 285 321 261 295 297 336 721 921 295 334 298 337 287 323 298 337 247 281 262 296 298 337 260 294 247 281 262 296 258 292 265 299 271 306 277 312 297 336 294 333 268 302 295 334 253 287 271 306 297 336 295 334 296 335 298 337 721 921 293 332 261 295 297 336 278 313 721 921 303 342 301 340 391 449 278 313 402 460 299 338 302 341 301 340 303 342 303 342 391 449 304 343 278 313 302 341 721 921 721 921 302 341 293 332 293 332 302 341 303 342 280 315 282 317 284 345 425 919 280 917 308 348 307 347 309 349 510 608 668 824 311 355 310 611 312 354 280 315 306 346 309 351 280 315 311 353 382 922 306 346 292 330 515 615 311 355 668 824 131 140 130 139 124 133 238 272 237 271 69 72 238 272 69 72 320 363 315 358 317 923 114 123 315 358 316 359 317 923 317 923 316 359 323 366 114 123 317 360 319 362 324 367 320 363 314 357 320 363 69 72 129 138 322 365 321 364 124 133 124 133 321 364 131 140 243 277 241 275 323 366 320 363 324 367 238 272 245 279 238 272 324 367 317 360 323 374 318 361 326 369 324 367 314 357 319 362 328 371 321 364 321 364 326 369 131 140 257 291 245 279 325 368 318 361 323 374 330 375 318 361 333 378 328 371 328 371 333 378 338 384 331 376 324 367 327 370 264 298 257 291 325 368 324 367 332 377 325 368 332 377 331 376 336 382 328 371 338 384 334 380 327 370 334 379 336 382 334 380 338 384 339 924 356 405 332 377 336 382 338 384 366 417 339 924 336 382 339 385 356 405 345 393 352 401 346 395 343 390 345 393 340 391 344 392 352 401 345 393 291 389 289 326 290 327 292 330 340 386 342 388 341 394 345 393 346 395 335 381 344 392 343 390 290 327 335 381 343 390 340 391 345 393 341 394 346 395 352 401 358 407 353 402 351 400 357 406 338 384 337 383 354 403 332 377 344 392 335 381 351 400 332 377 356 405 263 297 293 332 360 409 349 398 363 412 362 411 293 332 303 342 360 409 365 414 361 410 350 399 357 406 356 405 339 385 366 417 381 435 368 420 358 407 353 402 367 418 366 417 369 422 381 435 348 397 361 410 373 426 339 385 367 418 353 402 339 924 366 417 367 421 354 403 348 397 373 426 355 404 373 426 369 422 369 422 370 423 381 435 381 435 370 423 372 425 375 428 359 408 342 388 341 387 364 416 375 925 342 388 341 387 375 925 359 408 358 407 368 419 380 926 376 429 378 431 377 651 541 646 378 432 376 429 342 388 377 430 342 388 359 408 368 419 292 330 342 388 376 429 384 440 722 927 376 441 384 440 589 716 723 928 722 927 384 440 723 928 722 927 590 717 376 441 724 929 388 903 715 902 387 445 388 446 724 930 304 343 390 448 521 622 401 459 394 452 299 338 299 338 394 452 389 447 301 340 390 448 391 449 394 452 416 477 392 450 389 447 392 450 390 448 402 460 401 459 299 338 407 465 412 471 276 311 273 308 397 455 396 454 394 452 401 459 403 461 407 465 279 314 405 526 409 468 426 489 410 469 400 458 399 457 404 462 412 471 404 462 397 455 417 508 411 507 413 931 411 470 443 513 409 468 399 457 413 472 397 455 397 455 725 932 395 453 420 483 447 522 418 481 419 482 442 934 420 483 414 474 398 473 431 494 432 495 440 509 417 508 405 463 437 502 406 464 429 499 400 458 408 466 434 498 440 509 432 495 398 456 435 500 439 505 421 506 439 505 445 519 443 513 411 470 440 514 442 512 441 511 308 348 434 498 423 486 441 518 430 493 436 501 433 497 441 511 425 919 308 348 444 515 440 514 434 510 439 505 435 500 438 503 445 935 438 520 421 936 444 515 419 482 446 521 405 526 279 314 281 527 416 477 393 451 392 450 410 469 452 532 474 560 502 937 455 937 473 937 455 938 410 938 472 938 449 529 460 540 450 530 460 540 459 539 464 939 460 540 464 939 448 940 454 534 449 529 451 531 452 941 454 534 470 942 503 604 460 540 448 940 452 532 457 537 453 533 464 545 420 483 442 934 464 545 442 934 448 943 428 491 463 543 469 553 467 549 462 542 464 944 462 542 447 544 420 483 463 543 428 491 447 544 426 489 457 537 410 469 457 945 426 945 468 945 466 548 463 543 462 542 413 472 455 535 397 455 463 543 466 548 469 946 454 534 451 531 470 942 467 551 464 939 459 539 483 573 478 564 484 600 489 577 502 763 488 572 452 576 488 572 502 763 486 570 475 561 495 585 475 561 486 570 487 949 395 453 725 932 490 578 493 601 503 604 448 940 455 535 502 763 456 536 497 587 500 590 481 567 487 949 452 950 475 561 504 595 506 597 499 589 471 951 495 585 475 952 499 589 476 598 479 565 506 597 504 595 477 563 495 585 471 951 508 602 505 596 495 585 508 602 506 953 477 953 476 953 496 586 495 585 494 583 662 814 448 524 308 348 481 567 493 954 448 524 475 561 452 950 470 554 512 610 307 347 509 607 509 607 307 347 510 608 511 609 510 608 313 356 519 620 313 356 514 614 516 616 512 610 517 617 517 617 509 607 511 609 517 617 511 609 313 356 669 827 312 612 306 618 305 344 304 343 363 412 304 343 521 622 363 412 365 414 362 411 363 412 521 622 390 448 673 836 365 414 520 621 523 624 372 425 533 652 368 436 522 623 523 624 370 423 370 423 523 624 371 424 528 629 555 665 552 662 528 629 527 628 555 665 371 424 534 669 525 626 525 955 536 637 531 632 534 635 556 666 535 636 372 425 525 626 533 652 525 955 531 632 533 634 361 410 365 414 522 623 523 624 520 621 524 625 525 955 534 635 536 637 526 956 528 629 530 631 537 638 558 685 538 639 532 633 540 643 542 645 533 634 532 633 542 645 368 436 533 652 377 651 521 622 673 836 544 653 529 630 548 657 545 654 545 654 549 658 547 660 379 433 551 661 380 434 555 665 559 677 552 662 554 664 559 677 555 665 554 664 577 698 559 677 528 629 552 662 529 630 530 631 529 630 546 655 537 957 543 957 558 957 520 621 544 653 524 625 547 660 549 658 551 661 546 655 545 654 538 639 578 699 565 686 567 688 524 625 544 653 568 689 571 959 570 960 551 715 572 961 580 704 583 962 569 690 686 852 570 691 551 661 570 963 585 709 563 683 582 706 564 684 563 964 580 704 582 706 534 669 568 689 557 670 371 424 568 689 534 669 564 684 581 705 572 693 581 705 580 704 572 961 573 694 572 693 584 708 576 965 573 965 584 965 722 927 723 928 590 717 724 929 716 966 387 723 387 723 716 966 596 724 380 434 585 709 589 716 589 716 594 721 723 928 723 928 594 721 590 717 590 717 594 721 591 718 597 725 651 799 598 726 393 451 598 726 599 727 416 477 490 578 597 725 416 477 597 725 393 451 491 580 613 743 603 731 600 750 448 524 726 967 610 747 600 728 602 730 603 731 605 746 604 732 507 599 613 743 491 580 484 600 491 580 482 579 610 739 609 738 617 749 617 749 609 740 612 742 609 740 608 737 611 741 397 455 456 536 725 932 507 968 504 969 727 970 662 814 308 348 516 616 726 967 448 524 662 814 600 750 617 749 448 524 608 737 615 745 611 741 616 748 605 971 610 747 727 970 504 969 497 973 625 975 619 975 616 975 624 759 728 974 601 729 491 580 648 980 627 762 729 976 631 768 648 980 729 976 648 980 491 580 633 981 667 820 629 765 628 764 633 981 629 765 633 771 632 769 726 967 631 768 729 976 635 774 665 821 726 967 662 814 633 771 726 967 665 821 636 776 625 760 621 756 489 577 627 762 502 763 729 983 604 733 606 735 604 732 729 976 491 580 601 729 600 728 726 978 632 773 618 751 728 974 619 753 636 776 620 754 632 773 728 974 624 759 618 751 632 773 626 761 651 984 518 779 598 778 642 800 655 804 652 801 650 985 518 779 651 984 650 985 637 781 518 779 627 784 638 782 637 781 648 986 631 986 634 986 627 762 648 980 642 800 639 795 456 536 627 762 655 804 642 800 648 980 646 987 643 987 645 987 645 791 644 790 656 805 644 790 643 789 647 988 725 932 456 536 640 786 725 932 640 786 641 787 490 578 641 787 597 725 725 932 641 787 490 578 597 725 641 787 651 799 638 802 652 801 654 806 655 989 648 796 649 797 644 790 647 990 656 805 654 816 660 810 659 809 654 806 658 808 638 802 638 782 658 812 518 779 660 810 663 815 661 811 664 817 654 816 653 823 663 815 660 810 654 816 658 808 657 807 665 821 657 993 666 819 665 818 633 981 665 818 667 820 516 616 517 617 519 620 669 827 306 618 518 619 662 813 514 830 518 779 662 813 519 994 514 830 514 830 513 825 518 779 514 830 668 829 513 825 544 653 673 836 672 835 544 653 672 835 568 689 682 847 677 840 679 842 695 995 674 837 676 839 681 845 680 844 687 853 678 841 688 996 680 846 566 857 684 849 686 851 697 870 681 845 687 853 683 848 679 843 681 845 697 870 687 853 689 872 589 716 585 709 593 720 686 851 685 850 570 884 692 860 677 840 682 847 687 853 680 844 688 854 577 698 682 847 683 848 691 859 682 847 577 698 694 865 693 863 692 860 694 865 692 860 691 859 672 835 700 876 568 689 570 963 705 1000 714 1001 708 888 709 1002 707 886 695 866 701 877 674 879 708 888 704 887 709 1002 675 880 674 879 702 878 673 836 599 727 670 833 518 779 386 832 712 895 599 780 518 779 712 895 675 880 713 899 703 881 709 889 703 881 712 1003 671 834 710 890 700 876 701 877 711 891 702 878 700 876 711 891 701 877 670 1004 712 892 710 897 675 880 702 878 713 899 711 898 712 892 713 894 707 1005 712 1003 705 1000 570 963 714 1001 585 709 705 1000 712 1003 714 1001 709 889 712 1003 707 1005 383 439 292 438 386 443 385 442 596 724 386 443 593 720 585 709 595 722 712 895 715 905 592 904 712 895 386 832 715 905 376 441 592 719 715 902 715 902 716 966 724 929 715 905 386 832 596 906 730 1006 731 1007 732 1008 733 1009 734 1010 735 1011 736 1012 737 1013 738 1014 739 1015 740 1016 741 1017 742 1018 743 1019 744 1020 745 1021 746 1022 747 1023 743 1019 742 1018 746 1022 748 1024 749 1025 750 1026 750 1026 751 1027 748 1024 752 1028 747 1023 748 1024 753 1029 748 1024 754 1030 755 1031 756 1032 753 1029 756 1032 755 1031 757 1033 758 1034 757 1033 759 1035 755 1036 760 1037 761 1038 762 1039 759 1035 761 1040 761 1040 763 1041 762 1039 736 1042 763 1041 764 1043 765 1044 738 1045 766 1046 730 1006 767 1047 768 1048 732 1049 767 1047 769 1050 731 1051 768 1048 770 1052 731 1051 771 1053 772 1054 773 1055 774 1056 772 1054 751 1027 775 1057 774 1056 776 1058 766 1046 777 1059 766 1046 776 1058 778 1060 776 1058 779 1061 780 1062 781 1063 782 1064 783 1065 784 1066 783 1065 782 1064 780 1062 779 1061 785 1067 786 1068 787 1069 788 1070 753 1029 760 1071 755 1031 789 1072 790 1073 791 1074 789 1072 792 1075 790 1073 737 1076 792 1075 789 1072 736 1042 793 1077 737 1076 736 1042 764 1043 793 1077 794 1078 795 1079 796 1080 797 1081 740 1016 796 1080 731 1007 772 1082 739 1083 775 1084 798 1085 774 1086 750 1087 749 1088 772 1082 749 1088 747 1089 799 1090 747 1089 746 1091 742 1092 799 1090 739 1083 772 1082 739 1083 741 1093 795 1079 741 1093 797 1081 795 1079 795 1079 733 1009 739 1083 733 1009 732 1008 739 1083 739 1083 732 1008 731 1007 732 1008 769 1050 730 1006 772 1082 774 1086 798 1085 798 1085 750 1087 772 1082 742 1092 799 1090 747 1089 772 1082 749 1088 799 1090 733 1009 735 1011 732 1049 735 1011 765 1044 732 1049 733 1009 795 1079 734 1010 795 1079 794 1078 734 1010 738 1014 735 1094 752 1095 735 1094 734 1096 800 1097 734 1096 794 1098 796 1099 740 1100 800 1097 796 1099 800 1097 744 1101 735 1094 735 1094 744 1101 752 1095 752 1095 753 1102 738 1014 738 1014 753 1102 762 1103 756 1104 758 1105 801 1106 801 1106 762 1103 756 1104 762 1103 763 1107 738 1014 789 1108 791 1109 737 1013 791 1109 738 1014 737 1013 734 1096 796 1099 800 1097 743 1110 745 1111 744 1101 745 1111 752 1095 744 1101 753 1102 756 1104 762 1103 763 1107 736 1012 738 1014 799 1112 744 1020 800 1113 800 1113 739 1015 799 1112 739 1015 800 1113 740 1016 745 1021 743 1019 746 1022 752 1028 745 1021 747 1023 744 1020 799 1112 742 1018 750 1026 798 1114 751 1027 787 1115 754 1116 748 1117 787 1115 748 1117 751 1118 788 1119 787 1115 751 1118 781 1120 788 1119 751 1118 782 1121 781 1120 751 1118 782 1121 751 1118 802 1122 782 1121 802 1122 773 1123 803 1124 782 1121 773 1123 803 1124 773 1123 771 1125 804 1126 803 1124 770 1127 803 1124 771 1125 770 1127 780 1128 804 1126 768 1129 804 1126 770 1127 768 1129 778 1130 780 1128 767 1131 780 1128 768 1129 767 1131 766 1132 778 1130 765 1133 778 1130 767 1131 765 1133 747 1023 749 1025 748 1024 753 1029 752 1028 748 1024 805 1134 760 1071 754 1030 760 1071 753 1029 754 1030 758 1034 756 1032 757 1033 801 1135 758 1034 759 1035 760 1037 805 1136 784 1137 784 1137 805 1136 786 1138 786 1138 783 1139 784 1137 784 1137 806 1140 761 1038 806 1140 785 1067 776 1058 785 1067 779 1061 776 1058 776 1058 777 1059 806 1140 806 1140 777 1059 764 1141 777 1059 790 1073 792 1075 793 1077 764 1141 777 1059 764 1141 761 1038 806 1140 759 1142 757 1143 761 1038 757 1143 755 1036 761 1038 784 1137 761 1038 760 1037 792 1075 793 1077 777 1059 762 1039 801 1135 759 1035 764 1043 763 1041 761 1040 777 1059 738 1045 791 1074 765 1044 735 1011 738 1045 730 1006 769 1050 767 1047 732 1049 765 1044 767 1047 731 1051 730 1006 768 1048 731 1051 770 1052 771 1053 773 1055 772 1054 771 1053 773 1055 802 1144 774 1056 751 1027 798 1114 775 1057 802 1144 751 1027 774 1056 738 1045 777 1059 766 1046 778 1060 776 1058 780 1062 788 1070 781 1063 783 1065 783 1065 786 1068 788 1070 784 1066 782 1064 803 1145 803 1145 806 1146 784 1066 803 1145 804 1147 806 1146 804 1147 785 1067 806 1146 804 1147 780 1062 785 1067 786 1068 805 1134 754 1030 754 1030 787 1069 786 1068 791 1074 790 1073 777 1059 737 1076 793 1077 792 1075 797 1081 796 1080 795 1079 797 1081 741 1017 740 1016 807 1148 808 1149 809 1150 808 1151 807 1152 810 1153 810 1153 807 1148 811 1154 812 1155 813 1156 814 1157 807 1148 809 1150 811 1154 808 1158 815 1159 813 1156 816 1160 810 1153 817 1161 817 1161 810 1153 811 1154 817 1161 811 1154 818 1162 815 1159 819 1163 813 1164 811 1154 820 1165 821 1166 817 1167 822 1168 823 1169 817 1161 818 1162 824 1170 818 1171 825 1172 826 1173 826 1173 825 1172 827 1174 822 1175 817 1161 824 1170 817 1167 823 1169 828 1176 823 1169 829 1177 828 1176 811 1178 827 1174 825 1172 819 1179 830 1180 831 1181 830 1180 832 1182 833 1183 832 1184 834 1185 833 1186 820 1165 835 1187 836 1188 833 1186 837 1189 838 1190 839 1191 832 1184 830 1180 832 1184 840 1192 834 1185 820 1165 836 1188 841 1193 820 1165 841 1193 842 1194 821 1166 820 1165 843 1195 844 1196 820 1197 842 1194 841 1193 845 1198 846 1199 814 1200 838 1201 835 1202 833 1186 838 1190 814 1203 813 1204 831 1181 833 1205 847 1206 814 1200 835 1202 812 1207 814 1200 847 1206 809 1150 812 1207 847 1206 848 1208 849 1209 850 1210 851 1211 852 1212 853 1213 851 1214 849 1209 848 1208 854 1215 855 1216 856 1217 840 1192 857 1218 858 1219 859 1220 854 1215 856 1217 858 1219 854 1221 859 1222 843 1195 844 1196 860 1223 861 1224 846 1199 856 1225 862 1226 859 1222 837 1189 837 1227 859 1220 846 1228 832 1184 863 1229 840 1192 864 1230 865 1231 866 1232 865 1233 864 1230 843 1195 822 1168 851 1211 853 1213 864 1230 866 1232 867 1234 867 1234 821 1166 864 1230 864 1230 821 1166 843 1195 822 1175 824 1170 849 1209 824 1235 826 1173 849 1236 822 1168 853 1213 823 1169 868 1237 869 1238 870 1239 871 1240 872 1241 873 1242 873 1243 874 1244 875 1245 876 1246 877 1247 875 1248 878 1249 879 1250 875 1248 879 1250 876 1246 875 1248 873 1243 875 1245 877 1251 870 1239 855 1252 877 1247 857 1218 873 1242 880 1253 880 1254 877 1251 855 1216 863 1229 871 1240 857 1218 879 1250 881 1255 868 1237 882 1256 848 1208 850 1210 883 1257 865 1233 879 1250 852 1212 884 1258 885 1259 829 1177 885 1259 884 1258 886 1260 850 1261 887 1262 888 1263 884 1258 852 1212 886 1260 887 1262 889 1264 882 1265 890 1266 888 1263 891 1267 886 1268 878 1269 891 1270 892 1271 888 1263 892 1272 878 1269 893 1273 892 1274 893 1275 894 1276 894 1277 872 1241 871 1240 894 1278 895 1279 874 1244 893 1280 874 1281 895 1282 893 1275 895 1283 894 1276 809 1150 808 1149 812 1207 816 1160 808 1151 810 1153 812 1155 808 1158 813 1156 808 1158 816 1284 828 1176 816 1284 817 1167 828 1176 818 1171 811 1285 825 1172 808 1158 828 1176 815 1159 839 1191 819 1163 815 1159 819 1179 839 1191 830 1180 811 1154 809 1150 820 1165 824 1235 818 1171 826 1173 815 1159 828 1176 839 1191 839 1191 828 1176 832 1184 828 1176 829 1177 832 1184 867 1234 811 1154 821 1166 827 1174 811 1154 867 1234 813 1204 819 1179 831 1181 831 1181 830 1180 833 1183 835 1202 838 1201 845 1286 845 1286 838 1201 837 1227 836 1188 835 1187 845 1198 841 1193 836 1188 845 1198 833 1186 834 1185 837 1189 843 1195 820 1165 844 1196 842 1194 841 1193 846 1199 845 1286 837 1227 846 1228 820 1165 847 1287 835 1187 820 1165 809 1150 847 1287 814 1203 813 1288 833 1186 865 1231 883 1289 887 1262 887 1262 849 1236 866 1232 854 1215 880 1254 855 1216 866 1232 865 1231 887 1262 885 1259 853 1213 852 1212 851 1211 848 1290 852 1212 858 1219 857 1218 854 1221 840 1192 863 1229 857 1218 881 1255 896 1291 860 1223 869 1238 856 1225 855 1252 869 1238 860 1223 856 1225 865 1233 843 1195 896 1291 832 1184 829 1177 863 1229 862 1226 840 1192 858 1219 896 1291 843 1195 860 1223 862 1226 858 1219 859 1222 860 1223 844 1196 856 1225 856 1225 844 1196 861 1224 846 1228 859 1220 856 1217 861 1224 842 1194 846 1199 861 1224 844 1196 842 1194 834 1185 862 1226 837 1189 834 1185 840 1192 862 1226 851 1214 822 1175 849 1209 849 1236 827 1174 866 1232 866 1232 827 1174 867 1234 823 1169 853 1213 885 1259 823 1169 885 1259 829 1177 849 1236 826 1173 827 1174 869 1238 881 1255 860 1223 863 1229 829 1177 884 1258 879 1250 865 1233 896 1291 879 1250 896 1291 881 1255 870 1239 869 1238 855 1252 854 1221 857 1218 880 1253 868 1237 881 1255 869 1238 873 1243 872 1292 874 1244 857 1218 871 1240 873 1242 876 1246 870 1239 877 1247 879 1250 868 1237 876 1246 876 1246 868 1237 870 1239 880 1254 873 1243 877 1251 863 1229 884 1258 871 1240 848 1290 882 1265 852 1212 850 1261 849 1236 887 1262 886 1268 882 1256 850 1210 852 1212 882 1265 888 1263 890 1266 891 1270 888 1263 883 1289 889 1293 887 1262 889 1264 883 1257 879 1250 884 1258 888 1263 871 1240 878 1249 889 1264 879 1250 878 1249 886 1260 889 1264 890 1294 882 1256 886 1268 891 1267 890 1294 886 1268 871 1240 888 1263 894 1277 892 1272 891 1267 878 1269 888 1263 892 1271 894 1277 893 1280 878 1249 875 1248 872 1292 894 1278 874 1244 893 1280 875 1248 874 1281 897 1295 898 1296 899 1297 900 1298 899 1297 901 1299 902 1300 900 1298 903 1301 902 1300 899 1297 900 1298 903 1301 901 1299 904 1302 901 1299 905 1303 904 1302 899 1297 905 1303 901 1299 906 1304 907 1305 897 1295 908 1306 897 1295 899 1297 906 1304 897 1295 908 1306 909 1307 910 1308 902 1300 910 1308 908 1306 902 1300 908 1306 910 1308 909 1307 911 1309 906 1304 908 1306 912 1310 913 1311 906 1312 909 1313 902 1314 903 1315 911 1309 908 1306 914 1316 915 1317 914 1316 909 1307 916 1318 913 1311 911 1319 916 1320 914 1316 917 1321 918 1322 913 1311 919 1323 917 1321 920 1324 921 1325 921 1325 920 1324 922 1326 923 1327 922 1326 924 1328 917 1321 921 1325 923 1327 924 1329 903 1315 925 1330 926 1331 927 1332 928 1333 904 1302 929 1334 930 1335 905 1303 928 1336 931 1337 932 1338 933 1339 934 1340 935 1341 936 1342 937 1343 938 1344 937 1345 936 1346 939 1347 935 1341 937 1343 934 1340 940 1348 931 1337 933 1339 941 1349 934 1340 927 1350 942 1351 943 1352 941 1349 927 1350 944 1353 904 1354 930 1355 937 1345 945 1356 939 1347 937 1343 944 1353 943 1352 940 1348 939 1347 940 1348 943 1352 946 1357 939 1347 945 1356 934 1340 941 1349 944 1353 940 1348 939 1347 947 1358 930 1355 946 1359 937 1345 928 1333 927 1332 941 1360 931 1337 940 1348 947 1358 928 1333 941 1360 933 1361 948 1362 949 1363 942 1351 950 1364 951 1365 936 1342 938 1344 951 1366 952 1367 949 1363 952 1368 951 1365 925 1330 937 1345 953 1369 948 1362 954 1370 949 1363 926 1331 955 1371 954 1370 954 1370 955 1372 949 1363 949 1363 955 1372 952 1368 955 1372 956 1373 952 1368 956 1373 938 1374 952 1368 957 1375 958 1376 959 1377 960 1378 961 1379 958 1376 958 1380 925 1330 959 1381 962 1382 957 1375 963 1383 964 1384 960 1378 957 1375 961 1385 925 1330 958 1380 913 1386 965 1387 960 1378 965 1387 924 1328 961 1379 966 1388 923 1327 965 1387 967 1389 959 1381 925 1330 962 1390 968 1391 969 1392 962 1382 963 1383 968 1393 968 1393 970 1394 971 1395 971 1396 972 1397 968 1391 963 1383 967 1398 970 1394 970 1394 967 1398 973 1399 974 1400 973 1401 975 1402 971 1395 973 1399 974 1403 973 1404 925 1330 975 1405 976 1406 977 1407 971 1396 976 1408 974 1403 978 1409 974 1400 975 1402 979 1410 976 1408 978 1409 980 1411 976 1408 980 1411 977 1412 913 1311 964 1413 981 1414 964 1413 982 1415 981 1414 953 1416 938 1374 983 1417 926 1331 981 1414 955 1371 981 1418 982 1418 955 1418 955 1372 982 1419 956 1373 982 1419 983 1417 956 1373 925 1330 953 1369 984 1420 982 1419 969 1421 985 1422 986 1423 984 1424 953 1416 986 1423 953 1416 983 1417 968 1391 987 1425 988 1426 989 1427 990 1428 987 1425 990 1428 991 1429 992 1430 925 1330 984 1420 993 1431 987 1432 985 1422 988 1433 994 1434 986 1423 985 1422 994 1434 984 1424 986 1423 987 1432 979 1435 975 1436 988 1433 985 1422 969 1421 991 1429 995 1437 992 1430 977 1412 996 1438 997 1439 995 1440 997 1439 979 1435 897 1295 907 1305 898 1296 898 1441 907 1442 926 1331 899 1297 898 1296 926 1443 903 1301 900 1298 901 1299 899 1297 926 1443 905 1303 911 1309 912 1444 906 1304 902 1300 908 1306 899 1297 909 1307 914 1316 908 1306 907 1442 906 1312 926 1331 912 1310 911 1319 913 1311 998 1445 914 1316 915 1317 906 1312 913 1311 926 1331 915 1446 909 1313 903 1315 920 1324 998 1445 915 1317 917 1321 914 1316 998 1445 916 1320 911 1309 914 1316 916 1318 919 1323 913 1311 919 1447 916 1320 917 1321 917 1321 998 1445 920 1324 924 1329 920 1448 915 1446 923 1327 921 1325 922 1326 922 1449 920 1448 924 1329 966 1388 917 1321 923 1327 966 1388 918 1450 917 1321 918 1322 966 1451 913 1311 918 1450 919 1447 917 1321 925 1330 903 1315 904 1354 924 1329 915 1446 903 1315 905 1303 926 1443 928 1336 904 1302 905 1303 931 1337 929 1334 904 1302 931 1337 932 1452 928 1333 933 1361 931 1337 928 1336 932 1338 931 1337 932 1338 934 1340 930 1335 929 1334 947 1358 935 1341 950 1364 936 1342 935 1341 942 1351 950 1364 943 1352 942 1351 935 1341 944 1353 927 1350 943 1352 939 1347 943 1352 935 1341 927 1332 926 1331 954 1370 937 1345 946 1359 945 1453 940 1348 934 1340 944 1353 947 1358 939 1347 946 1357 946 1357 930 1335 947 1358 947 1358 929 1334 931 1337 927 1350 948 1362 942 1351 925 1330 904 1354 937 1345 927 1332 954 1370 948 1362 950 1364 942 1351 949 1363 951 1366 938 1344 936 1346 950 1364 949 1363 951 1365 953 1369 937 1345 938 1344 957 1375 959 1377 963 1383 962 1382 964 1384 957 1375 964 1413 962 1390 969 1392 960 1378 958 1376 957 1375 964 1384 913 1386 960 1378 960 1378 965 1387 961 1379 961 1385 924 1329 925 1330 913 1386 966 1388 965 1387 965 1387 923 1327 924 1328 968 1393 963 1383 970 1394 963 1383 959 1377 967 1398 971 1395 970 1394 973 1399 968 1391 972 1397 989 1427 973 1404 967 1389 925 1330 976 1408 971 1395 974 1403 972 1397 971 1396 997 1454 971 1396 977 1407 997 1454 978 1455 974 1400 979 1410 980 1456 978 1455 979 1410 980 1456 979 1410 996 1457 913 1311 981 1414 926 1331 956 1373 983 1417 938 1374 982 1415 964 1413 969 1392 982 1419 985 1422 983 1417 985 1422 986 1423 983 1417 969 1392 968 1391 988 1426 968 1391 989 1427 987 1425 987 1425 990 1428 992 1458 990 1428 989 1427 991 1429 989 1427 972 1397 991 1429 993 1431 984 1420 994 1459 975 1405 993 1431 994 1459 975 1405 925 1330 993 1431 985 1422 987 1432 994 1434 994 1434 987 1432 975 1436 987 1432 992 1460 979 1435 972 1397 997 1454 991 1429 992 1460 995 1440 979 1435 991 1429 997 1454 995 1437 977 1412 980 1411 996 1438 997 1439 996 1438 979 1435 999 1461 1000 1462 1001 1463 1002 1464 1003 1465 1004 1466 1005 1467 1006 1468 1007 1469 1002 1464 1005 1467 1008 1470 1002 1464 1009 1471 1005 1467 1010 1472 1008 1473 1011 1474 1012 1475 1013 1476 1014 1477 1015 1478 1013 1476 1016 1479 1017 1480 1012 1475 1014 1477 1018 1481 1019 1482 1020 1483 1018 1481 1020 1483 1021 1484 1022 1485 1018 1481 1023 1486 1024 1487 1025 1488 1026 1489 1018 1481 1022 1485 1019 1482 1025 1490 1027 1491 1028 1492 1029 1493 1030 1494 1031 1495 1032 1496 1033 1497 1034 1498 1025 1490 1024 1499 1035 1500 1024 1499 1029 1493 1036 1501 1029 1493 1037 1502 1030 1494 1026 1503 1030 1494 1037 1502 1033 1497 1038 1504 1034 1498 1038 1504 1039 1505 1040 1506 1041 1507 1040 1506 1039 1505 1042 1508 1043 1509 1044 1510 1042 1508 1044 1510 1045 1511 1044 1510 1046 1512 1045 1511 1047 1513 1048 1514 1021 1484 1048 1514 1049 1515 1050 1516 1048 1514 1047 1513 1049 1515 1049 1515 1051 1517 1050 1516 1050 1516 1051 1517 1052 1518 1052 1518 1051 1517 1053 1519 1053 1519 1054 1520 1055 1521 1056 1522 1054 1520 1053 1519 1056 1522 1046 1512 1057 1523 1058 1524 1045 1511 1046 1512 1059 1525 1060 1526 1000 1527 1001 1528 1060 1526 1061 1529 1057 1523 1054 1520 1056 1522 1040 1506 1034 1498 1038 1504 1062 1530 1063 1531 1064 1532 1065 1533 1062 1530 1066 1534 1067 1535 1068 1536 1065 1533 1069 1537 1070 1538 1071 1539 1072 1540 1073 1541 1074 1542 1011 1474 1003 1465 1010 1472 1075 1543 1076 1544 1077 1545 1064 1532 1078 1546 999 1547 1079 1548 1080 1549 1081 1550 1017 1480 1079 1548 1082 1551 1010 1472 1003 1465 1002 1464 1004 1466 1083 1552 1009 1471 1083 1553 1004 1554 1003 1555 1011 1556 1084 1557 1083 1553 1084 1557 1077 1558 1070 1559 1073 1560 1085 1561 1086 1562 1085 1561 1071 1563 1086 1562 1070 1559 1067 1564 1084 1557 1067 1564 1065 1565 999 1461 1064 1566 999 1461 1066 1567 999 1461 1027 1568 1000 1462 1000 1462 1027 1568 1059 1569 1035 1570 1036 1571 1031 1572 1030 1573 1087 1574 1027 1568 1031 1572 1030 1573 1035 1570 1087 1574 1032 1575 1043 1576 1032 1575 1034 1577 1088 1578 1034 1577 1040 1579 1041 1580 1088 1578 1043 1576 1032 1575 1043 1576 1042 1581 1045 1582 1058 1583 1059 1569 1043 1576 1043 1576 1045 1582 1058 1583 1041 1580 1088 1578 1034 1577 1027 1568 1035 1570 1030 1573 1065 1565 1066 1567 999 1461 1071 1563 1070 1559 1086 1562 1086 1562 1070 1559 1077 1558 1003 1555 1011 1556 1083 1553 1027 1568 1087 1574 1043 1576 1067 1564 999 1461 1084 1557 1083 1553 1084 1557 999 1461 1043 1576 1059 1569 1027 1568 1001 1463 1083 1553 999 1461 1009 1471 1002 1464 1004 1466 1005 1467 1009 1471 1006 1468 1056 1584 1053 1585 1060 1586 1053 1585 1051 1587 1060 1586 1060 1586 1051 1587 1061 1588 1061 1588 1051 1587 1015 1589 1051 1587 1049 1590 1015 1589 1006 1591 1061 1588 1015 1589 1049 1590 1047 1592 1014 1593 1047 1592 1020 1594 1017 1595 1019 1596 1022 1597 1079 1598 1022 1597 1089 1599 1079 1598 1020 1594 1019 1596 1079 1598 1020 1594 1079 1598 1017 1595 1017 1595 1014 1593 1047 1592 1014 1593 1015 1589 1049 1590 1009 1600 1061 1588 1006 1591 1015 1478 1016 1479 1006 1468 1090 1601 1006 1468 1016 1479 1090 1601 1007 1469 1006 1468 1090 1602 1016 1603 1091 1604 1012 1605 1082 1606 1013 1607 1081 1608 1080 1609 1016 1603 1080 1609 1092 1610 1093 1611 1092 1610 1078 1612 1093 1611 1078 1612 1063 1613 1093 1611 1063 1613 1062 1614 1068 1615 1093 1611 1091 1604 1016 1603 1091 1604 1069 1616 1075 1617 1069 1616 1094 1618 1076 1544 1094 1618 1072 1540 1076 1544 1072 1540 1074 1542 1076 1544 1076 1544 1075 1617 1069 1616 1075 1617 1008 1470 1091 1604 1091 1604 1008 1470 1090 1602 1008 1470 1010 1472 1002 1464 1005 1467 1007 1619 1008 1470 1007 1619 1090 1602 1008 1470 1016 1603 1013 1607 1082 1606 1082 1606 1081 1608 1016 1603 1068 1615 1093 1611 1063 1613 1016 1603 1080 1609 1093 1611 1072 1540 1094 1618 1085 1620 1022 1485 1023 1486 1028 1492 1028 1492 1027 1491 1022 1485 1027 1491 999 1547 1089 1621 1089 1621 1022 1485 1027 1491 999 1547 1092 1622 1080 1549 1080 1549 1089 1621 999 1547 1079 1548 1081 1550 1082 1551 1017 1480 1082 1551 1012 1475 1015 1478 1014 1477 1013 1476 1028 1623 1023 1624 1052 1625 1052 1625 1023 1624 1018 1626 1018 1626 1021 1627 1050 1628 1021 1627 1048 1629 1050 1628 1052 1625 1055 1630 1026 1489 1055 1630 1054 1631 1095 1632 1054 1631 1057 1523 1095 1632 1057 1523 1046 1512 1044 1510 1044 1510 1095 1632 1057 1523 1095 1632 1096 1633 1055 1630 1055 1630 1096 1633 1097 1634 1096 1633 1098 1635 1039 1505 1038 1504 1033 1636 1096 1633 1033 1636 1097 1634 1096 1633 1097 1634 1026 1489 1055 1630 1029 1637 1024 1487 1037 1638 1025 1488 1028 1623 1026 1489 1052 1625 1018 1626 1050 1628 1052 1625 1026 1489 1028 1623 1039 1505 1038 1504 1096 1633 1026 1489 1037 1638 1024 1487 1025 1490 1035 1500 1027 1491 1029 1493 1031 1495 1036 1501 1087 1639 1026 1503 1097 1640 1032 1496 1087 1639 1097 1640 1032 1496 1097 1640 1033 1497 1024 1499 1036 1501 1035 1500 1030 1494 1026 1503 1087 1639 1088 1641 1096 1633 1095 1642 1095 1642 1043 1509 1088 1641 1088 1641 1041 1507 1098 1635 1088 1641 1098 1635 1096 1633 1041 1507 1039 1505 1098 1635 1043 1509 1095 1642 1044 1510 1021 1484 1020 1483 1047 1513 1055 1521 1052 1518 1053 1519 1058 1524 1046 1512 1056 1522 1056 1522 1059 1525 1058 1524 1059 1525 1056 1522 1060 1526 1001 1528 1000 1527 1060 1526 1083 1552 1001 1528 1061 1529 1009 1471 1083 1552 1061 1529 1062 1530 1065 1533 1068 1536 1067 1535 1093 1643 1068 1536 1070 1538 1091 1644 1067 1535 1093 1643 1067 1535 1091 1644 1069 1537 1091 1644 1070 1538 1094 1618 1069 1537 1071 1539 1085 1620 1073 1541 1072 1540 1094 1618 1071 1539 1085 1620 1086 1645 1074 1542 1073 1541 1084 1646 1008 1473 1075 1543 1075 1543 1077 1545 1084 1646 1011 1474 1008 1473 1084 1646 1076 1544 1086 1645 1077 1545 1076 1544 1074 1542 1086 1645 1066 1534 1062 1530 1064 1532 1064 1532 1063 1531 1078 1546 1092 1622 999 1547 1078 1546 1079 1548 1089 1621 1080 1549 1099 1647 1100 1648 1101 1649 1099 1647 1101 1649 1102 1650 1099 1647 1102 1650 1103 1651 1099 1647 1103 1651 1104 1652 1099 1647 1104 1652 1105 1653 1099 1654 1105 1655 1106 1656 1106 1662 1100 1648 1099 1647 1108 1666 1110 1667 1111 1668 1108 1666 1111 1668 1112 1669 1108 1666 1112 1669 1113 1670 1109 1677 1117 1680 1118 1681 1119 1687 1120 1688 1121 1689 1122 1690 1123 1691 1124 1692 1122 1690 1125 1693 1126 1694 1119 1687 1126 1695 1125 1696 1126 1694 1119 1697 1123 1691 1123 1698 1127 1699 1128 1700 1122 1701 1120 1688 1125 1696 1121 1689 1124 1702 1127 1699 1119 1687 1125 1696 1120 1688 1121 1689 1127 1699 1123 1698 1123 1698 1119 1687 1121 1689 1121 1703 1120 1704 1122 1690 1121 1703 1122 1690 1124 1692 1123 1691 1128 1705 1124 1692 1122 1690 1126 1694 1123 1691 1124 1692 1128 1705 1127 1706</p>
        </triangles>
        <triangles material="qmat_e137245c464f31d5" count="45">
          <input semantic="VERTEX" source="#vertices" offset="0" />
          <input semantic="NORMAL" source="#normals" offset="1" />
          <p>2 2 11 11 20 20 2 2 20 20 15 21 21 22 15 21 17 23 22 24 23 25 24 26 16 16 15 15 25 27 20 20 11 11 26 28 26 28 98 117 101 118 21 22 166 179 162 180 199 216 99 104 162 180 166 179 199 216 162 180 15 21 20 20 23 25 25 908 22 24 24 26 24 26 23 25 100 105 15 21 23 25 22 24 21 22 2 2 15 21 100 105 26 909 101 106 198 215 102 107 101 106 26 28 11 11 98 117 16 16 102 107 198 215 16 16 25 27 102 107 102 107 24 26 100 105 101 106 98 102 99 104 21 22 17 23 166 179 199 216 101 106 99 104 1106 1656 1105 1655 1104 1657 1106 1656 1104 1657 1103 1658 1106 1656 1103 1658 1102 1659 1106 1656 1102 1659 1101 1660 1106 1656 1101 1660 1100 1661 1107 1663 1108 1664 1109 1665 1108 1664 1113 1671 1109 1665 1113 1671 1114 1672 1109 1665 1107 1663 1110 1673 1108 1664 1115 1674 1110 1673 1107 1663 1113 1671 1112 1675 1116 1676 1113 1671 1116 1676 1114 1672 1109 1677 1114 1678 1116 1679 1109 1677 1116 1679 1117 1680 1109 1677 1118 1681 1115 1682 1109 1677 1115 1682 1107 1683 1118 1684 1111 1685 1110 1673 1118 1684 1110 1673 1115 1674 1117 1686 1111 1685 1118 1684 1112 1675 1111 1685 1117 1686 1112 1675 1117 1686 1116 1676</p>
        </triangles>
      </mesh>
    </geometry>
  </library_geometries>
  <library_visual_scenes>
    <visual_scene id="scene">
      <node id="base_dae">
        <instance_geometry url="#geometry">
          <bind_material>
            <technique_common>
              <instance_material symbol="qmat_103403739752e509" target="#qmat_103403739752e509" />
              <instance_material symbol="qmat_1163a26947310579" target="#qmat_1163a26947310579" />
              <instance_material symbol="qmat_497d0fc190a55310" target="#qmat_497d0fc190a55310" />
              <instance_material symbol="qmat_4b294f1aa1dfaafb" target="#qmat_4b294f1aa1dfaafb" />
              <instance_material symbol="qmat_e137245c464f31d5" target="#qmat_e137245c464f31d5" />
            </technique_common>
          </bind_material>
        </instance_geometry>
      </node>
    </visual_scene>
  </library_visual_scenes>
  <scene>
    <instance_visual_scene url="#scene" />
  </scene>
</COLLADA>