<?xml version='1.0' encoding='utf-8'?>
<COLLADA xmlns="http://www.collada.org/2005/11/COLLADASchema" version="1.4.1">
  <asset>
    <created>2026-09-14T00:00:00Z</created>
    <modified>2026-09-14T00:00:00Z</modified>
    <unit name="metre" meter="1" />
    <up_axis>Z_UP</up_axis>
  </asset>
  <library_effects>
    <effect id="qmat_103403739752e509_effect">
      <profile_COMMON>
        <technique sid="common">
          <lambert>
            <emission>
              <color sid="emission">0 0 0 1</color>
            </emission>
            <diffuse>
              <color sid="diffuse">0.01341 0.01341 0.01341 1</color>
            </diffuse>
            <index_of_refraction>
              <float sid="ior">1.45</float>
            </index_of_refraction>
          </lambert>
        </technique>
      </profile_COMMON>
    </effect>
    <effect id="qmat_1163a26947310579_effect">
      <profile_COMMON>
        <technique sid="common">
          <lambert>
            <emission>
              <color sid="emission">0 0 0 1</color>
            </emission>
            <diffuse>
              <color sid="diffuse">0.023455 0.023455 0.023455 1</color>
            </diffuse>
            <index_of_refraction>
              <float sid="ior">1.45</float>
            </index_of_refraction>
          </lambert>
        </technique>
      </profile_COMMON>
    </effect>
    <effect id="qmat_497d0fc190a55310_effect">
      <profile_COMMON>
        <technique sid="common">
          <lambert>
            <emission>
              <color sid="emission">0 0 0 1</color>
            </emission>
            <diffuse>
              <color sid="diffuse">1 1 1 1</color>
            </diffuse>
            <reflectivity>
              <float sid="specular">0.5</float>
            </reflectivity>
          </lambert>
        </technique>
      </profile_COMMON>
    </effect>
    <effect id="qmat_4b294f1aa1dfaafb_effect">
      <profile_COMMON>
        <technique sid="common">
          <lambert>
            <emission>
              <color sid="emission">0 0 0 1</color>
            </emission>
            <diffuse>
              <color sid="diffuse">0.6717055 0.6924257 0.7742702 1</color>
            </diffuse>
            <reflectivity>
              <float sid="specular">0.5</float>
            </reflectivity>
          </lambert>
        </technique>
      </profile_COMMON>
    </effect>
    <effect id="qmat_e137245c464f31d5_effect">
      <profile_COMMON>
        <technique sid="common">
          <lambert>
            <emission>
              <color sid="emission">0 0 0 1</color>
            </emission>
            <diffuse>
              <color sid="diffuse">0.009018 0.009018 0.009018 1</color>
            </diffuse>
            <index_of_refraction>
              <float sid="ior">1.45</float>
            </index_of_refraction>
          </lambert>
        </technique>
      </profile_COMMON>
    </effect>
  </library_effects>
  <library_materials>
    <material id="qmat_103403739752e509" name="qmat_103403739752e509">
      <instance_effect url="#qmat_103403739752e509_effect" />
    </material>
    <material id="qmat_1163a26947310579" name="qmat_1163a26947310579">
      <instance_effect url="#qmat_1163a26947310579_effect" />
    </material>
    <material id="qmat_497d0fc190a55310" name="qmat_497d0fc190a55310">
      <instance_effect url="#qmat_497d0fc190a55310_effect" />
    </material>
    <material id="qmat_4b294f1aa1dfaafb" name="qmat_4b294f1aa1dfaafb">
      <instance_effect url="#qmat_4b294f1aa1dfaafb_effect" />
    </material>
    <material id="qmat_e137245c464f31d5" name="qmat_e137245c464f31d5">
      <instance_effect url="#qmat_e137245c464f31d5_effect" />
    </material>
  </library_materials>
  <library_geometries>
    <geometry id="geometry" name="base_dae">
      <mesh>
        <source id="positions">
          <float_array id="positions_array" count="2127">0.290064573 0.0235998929 0.0595075451 0.323800504 0.0168921296 0.0444803685 0.30418247 0.0257154983 0.049903255 0.329638839 0.0130573129 0.0497621931 0.332248598 0.00618581241 0.0564967655 0.327889979 0.007067258 0.0511173345 0.288602322 0.0210715327 0.0658944622 0.32651791 0.00681489706 0.0138939861 0.328080833 0.00881769694 0.00134998362 0.310484558 0.011748299 0.0644408837 0.304926425 0.00126339961 0.070213072 0.328982979 0.0133767305 -0.022100145 0.325800449 0.0056658024 0.0367498025 0.324612796 0.00456163427 0.0501288474 0.325488836 -0.00620895391 0.0368913896 0.283791572 0.0383829772 0.0467576608 0.303650856 0.03679654 0.0182260443 0.263942808 0.0498035997 0.0421309322 0.284932971 0.0322225615 0.0549484342 0.270602196 0.0147900945 0.0764293745 0.243945301 0.00558420597 0.0816141441 0.283295155 0.0470325761 0.0189297777 0.237478331 0.0641280115 0.0587686822 0.210915893 0.0498071685 0.0720896721 0.238790825 0.0516209118 0.0623345673 0.20786123 0.039551992 0.0597967543 0.225995719 0.05660313 0.0623673126 0.219284132 0.03872196 0.0539078899 0.241020083 0.0361306965 0.0703213885 0.214797348 0.0334700458 0.079937093 0.256248295 0.0269561782 0.073936373 0.209318072 0.0167125426 0.0887434781 0.229065925 0.0193221588 0.0887473971 0.213495672 0.0213669483 0.0817611143 0.230361134 0.021227086 0.0807754621 0.242476702 0.000139364885 0.0887804031 0.233978599 0.0384061038 0.038887959 0.221036911 0.00250624702 0.0522994772 0.236980408 -0.0386303328 0.0343509465 0.223477125 -0.0399513803 0.0508010462 0.249930441 0.0647122115 0.0450970083 0.256428242 0.0482060872 0.0581367835 0.265619665 0.0625852272 0.0172734708 0.259806067 0.0637701228 0.0137788495 0.258159369 0.0531833284 0.0497720391 0.237106726 0.0592654236 0.0504078567 0.272485822 0.0530188158 0.0206817426 0.250706136 0.0511985384 0.0144001618 0.241857916 0.0539678633 0.0401083864 0.242753685 0.0368307494 0.0208627414 0.321065873 -0.0181171391 0.046607852 0.271063209 -0.0418133251 0.0555420406 0.30838123 -0.0306255966 0.034130387 0.295869827 -0.0200238433 0.0637056455 0.260662913 -0.0268090907 0.0728815272 0.302889645 -0.0219961051 0.0540661998 0.231408373 -0.0408264808 0.0709251016 0.302537262 -0.0385625847 0.0142364381 0.266470045 -0.0506511815 0.0367264524 0.27202338 -0.0513453931 0.022312982 0.331615984 -0.00342300883 0.0586370081 0.330056965 -0.013480233 0.0504254028 0.325966984 -0.00642725453 0.0504077338 0.328157097 -0.0113409944 0.0457058363 0.322111338 -0.0220685955 0.0259323046 0.328160763 -0.0170970391 0.00898870267 0.305269361 -0.0115626473 0.0675010905 0.229832247 -0.0192110538 0.0886977017 0.210654646 -0.0209877137 0.0818973705 0.235787019 -0.0194482636 0.0807238743 0.265844047 -0.0147455381 0.0774295852 0.203638598 -0.0360437818 0.0811799318 0.232754722 -0.0601701066 0.0614661202 0.238032326 -0.060487166 0.0504709706 0.23699528 -0.0645849258 0.0585227273 0.257489443 -0.0528031029 0.0516237132 0.245867088 -0.0655375198 0.0494181886 0.257658362 -0.0650437102 0.0330103338 0.265960276 -0.0568400584 0.0331504308 0.272584617 -0.055737555 0.0186181664 0.314623177 0.0310867745 0.00921595655 0.323485374 0.0263802595 -0.0235847235 0.324845999 0.00600333419 0.00137452164 0.324499547 -0.008566292 0.00636408431 0.312601209 0.0364063457 -0.026358068 0.289984554 0.0444438942 -0.0087906085 0.27670297 0.0471643172 -0.0138047561 0.29722631 0.0438512713 -0.0306276176 0.321710736 -0.0294986777 -0.0240758993 0.328740805 -0.0145245809 -0.0221415162 0.275596708 0.0431694537 -0.0364363231 0.328021049 -0.00440310873 -0.00147232309 0.243506968 0.0271497406 -0.0120241195 0.236344025 -0.000775376975 -0.0258648079 0.241673723 -0.0236010421 -0.0163955837 0.246626377 0.0214281548 -0.0441850983 0.240169764 0.00165798818 -0.0459274463 0.260044813 0.0361105651 -0.0405706465 0.276389748 -0.0442745499 -0.0362175964 0.26246658 0.0553702675 0.00755912252 0.262562662 0.0462558083 -0.00631920295 0.245981663 0.0350406803 0.00596406311 0.254315883 0.0363966711 -0.0177211408 0.293319941 -0.0438763723 -0.0108657777 0.309764892 -0.0388512686 -0.0272423904 0.327243298 -0.00918519404 0.0100828074 0.295975268 -0.0444239713 -0.0309231821 0.254632711 -0.0321793109 -0.0420444496 0.246507332 -0.0216768067 -0.0441744924 0.276334852 -0.0477999337 -0.0144771487 0.258691698 -0.0399184301 -0.0182703156 0.261139423 -0.0477881394 -0.00169601967 0.251209378 -0.0419309512 0.00469236821 0.245383471 -0.0311666857 -0.00410666177 0.266474277 -0.0620095171 0.0132174613 0.24556607 -0.0359586999 0.0103244288 0.270010293 -0.0565273911 0.006156113 0.255577505 -0.061632216 0.0146033159 0.249172896 -0.0577858947 0.0295845158 0.200906664 0.011848988 0.0817264542 0.207784623 0.00887197349 0.0592608936 0.182531774 0.0460125096 0.0754552856 0.210897461 -0.00893728621 0.0578023568 0.187424883 0.0400736071 0.0651638135 0.186148763 0.0135378987 0.0652216449 0.182157531 0.0397075415 0.0820080116 0.180493698 -0.00899344403 0.0590805523 0.179202914 0.00880308542 0.0586192384 0.160917565 0.0159288682 0.0641945004 0.164896771 0.026179377 0.0786512047 0.170287713 -0.0257401038 0.0794560015 0.160712481 0.0470271185 0.0644044131 0.156941786 0.0442421921 0.0828092843 0.158591911 0.00924142543 0.0487249307 0.154884949 0.0536245517 0.0686685219 0.158860758 -0.00970170368 0.0487832725 0.126707181 0.0596797168 0.0486977883 0.134815052 0.0518765263 0.0504728183 0.126722664 0.0366988406 0.0499285311 0.123766422 0.0531996824 0.0797491074 0.125963986 0.062000785 0.0637538657 0.138150424 0.0674412176 0.0569648594 0.105562501 0.0645808801 0.0581125692 0.128780618 0.0815297812 0.0441637263 0.0932916924 0.0757452324 0.0487618372 0.1285128 0.0707300752 0.0436789691 0.128528908 0.0209778789 0.0430016741 0.130692944 0.02365252 0.0464294106 0.144967169 0.00899684895 0.0345824212 0.128703579 0.0096964594 0.034675777 0.145210728 -0.00977276824 0.0348340496 0.128653601 -0.00985779986 0.0345055833 0.128600001 -0.0702226013 -0.0569437183 0.121110372 0.0280055348 0.0719306618 0.141710475 0.0613664091 0.0562443919 0.117992915 0.0472115166 0.0800517946 0.147273734 0.0202925764 0.0594351441 0.0892793164 0.045725476 0.0682014972 0.0823706463 0.037647482 0.0570305325 0.0920347795 0.0360026881 0.0595052727 0.125436202 0.0390569344 0.0765875727 0.0899383351 -0.0375947841 0.0586383082 0.12078689 -0.0304798651 0.0718985051 0.128605977 0.093285203 0.0288313348 0.128597736 0.0800004229 -0.0541227423 0.108096436 0.0962062627 -0.00645145029 0.128104523 0.0968295187 0.0079357205 0.127988964 0.0966174453 -0.0235972404 0.128523394 0.0880282819 -0.0482071415 0.128581658 0.0949246809 -0.0377191268 0.0672693327 0.096693635 -0.0280457921 0.200217724 0.00109178782 0.0887969956 0.208783284 -0.0172150508 0.0887455344 0.207866222 -0.0401457287 0.0597771406 0.205202579 -0.0487398766 0.0735562816 0.220639557 -0.0546908863 0.0683767796 0.199998423 -0.00932140183 0.082082957 0.177481458 -0.0409281813 0.0822133794 0.180075318 -0.0467689373 0.0753627047 0.188837007 -0.040461421 0.0650494695 0.160957262 -0.0345847793 0.0800118968 0.16541177 -0.0160249583 0.0648290813 0.189353049 -0.0137825422 0.0649841726 0.160049468 -0.0474263988 0.0642635077 0.121336251 -0.0472385027 0.0810565129 0.157200351 -0.0534175746 0.0696294457 0.12821877 -0.0209472831 0.0432329699 0.146971256 -0.0150953615 0.0506793521 0.131125912 -0.0245199632 0.0468331091 0.12683323 -0.0344150774 0.0492034778 0.121880613 -0.0409202911 0.0761845484 0.144361869 -0.0214477386 0.0581460297 0.140553981 -0.0630067438 0.0555513799 0.134051338 -0.057157822 0.0498726517 0.126812577 -0.0564452261 0.0496654809 0.0795691833 -0.04620919 0.0650431663 0.128270805 -0.0533452109 0.0796425492 0.127335221 -0.0640982464 0.0610906966 0.141384661 -0.064411141 0.05933192 0.129440919 -0.0806049407 0.0455705673 0.103034139 -0.063477248 0.0589260608 0.0820808262 -0.0680499151 0.0533895977 0.108926833 -0.0531080514 0.0758017525 0.12853235 -0.0703528523 0.043702025 0.128598079 -0.0973510966 -0.0283341277 0.128548205 -0.0889368281 0.0361296348 0.128537357 -0.0968816951 0.0185207538 0.128585622 0.0692217574 -0.0569921359 -0.127988607 -0.0714664012 -0.0569863804 0.116861522 -0.0964449197 -0.0139558231 0.128549799 -0.0837061405 -0.0523786023 0.128586963 -0.0943053141 -0.0404650681 0.0592100434 0.043887753 0.0593749769 0.0744998008 0.0640203208 0.0547978692 0.0685936958 0.0888239294 0.036005795 0.0684762821 0.0744171068 0.0495351218 0.0859800875 0.0810504705 0.0443923846 0.0744335726 0.0514991805 0.0634180531 0.085581392 0.0743167773 0.0488974601 0.0935279354 0.0907546356 0.0326145403 0.0928025395 0.0799757689 0.0430939719 0.046626009 0.082456924 0.0423623323 0.0198618956 0.0811282918 0.0443229638 0.0610740334 0.0779515281 0.0474079959 0.0685045421 0.0811518058 0.0420548469 0.0271281991 0.0495103151 0.0585546419 0.0613453612 0.086120896 0.0378421731 0.0712948367 0.0933450088 0.0234655216 0.0884943381 0.0930377319 0.0211769268 0.0649554953 0.0948324427 0.0194715299 0.0544057079 0.0828777328 0.0415133685 0.0477876328 0.088702403 0.0351818576 0.0861495659 0.0884358063 0.0352946594 0.0838546529 0.0942203552 0.0246859789 0.0829647183 0.0962941125 0.0161536168 0.0511851311 0.0956977904 0.016647039 0.0544313304 0.0913288221 0.0301648211 -0.014600792 0.0962084085 0.0163840931 0.0294114035 0.0832199082 0.0418314002 0.0209558159 0.0904113948 0.0313017294 0.0216793846 0.0739517957 0.0495856926 -0.127825409 0.0756449774 0.0491644293 0.027879145 0.0947970226 0.0215254929 0.0183406509 0.0953434184 0.0168523882 0.0350416303 0.0923351645 0.0278047472 0.0355152227 0.0869246125 0.0373567976 0.0346996523 0.0953309983 0.016386617 0.0140090864 0.0874160528 0.0369751081 0.0133433156 0.0756304935 0.0485132933 -0.00181205862 0.0863025486 0.0375401229 -0.0108837215 0.0827534124 0.042136468 0.00556054991 0.0801192746 0.0437621512 -0.040321596 0.0496567599 0.0582983643 0.00489772158 0.092970103 0.026820818 0.00195195724 0.0960953161 0.0172062684 -0.00523148943 0.0946314186 0.0151818264 0.00559358113 0.0859488845 0.0379493795 -0.0138558922 0.0924219564 0.0271082651 -0.0137329875 0.0879470855 0.0360381305 -0.00310594658 0.0941679329 0.0241925679 0.0141588114 0.0921626836 0.0280862264 -0.127979904 0.0802878067 -0.0540819131 -0.127996236 0.0956740528 -0.0352492481 -0.127886146 0.091802299 -0.0437341891 0.0643525422 0.0934994668 -0.0214746334 0.00776468357 0.0950992703 -0.020888323 -0.127995476 0.0695999935 -0.0569295734 -0.127976462 0.0968784988 -0.0262910984 0.0494980812 -0.0483334921 0.0602081083 0.0816398561 -0.0366399959 0.0570427738 0.0710875094 -0.0524035618 0.0621062443 0.0131758368 -0.049960427 0.0582210198 0.0613431707 -0.0777051821 0.0480325781 0.0525541604 -0.0781666785 0.0467498973 0.0403108485 -0.088900812 0.0357550718 0.0495400578 -0.0833858103 0.0401890688 0.0536456071 -0.069064483 0.0525328815 0.040999908 -0.070461981 0.0519688465 0.0372609794 -0.0752989724 0.0471993461 0.054360345 -0.0943277627 0.0252023023 0.0282869823 -0.0929318219 0.0259242244 0.0528249554 -0.0962071791 0.0182168037 0.0488047078 -0.0901503116 0.0342063121 0.0604422204 -0.0787325799 0.0443510711 0.0379584692 -0.0935210139 0.0249394327 0.0228975192 -0.0913345516 0.0324072205 0.016546974 -0.0940698013 0.0225440301 0.0244893786 -0.0958863646 0.0180639438 0.00893356465 -0.0963211209 0.0174985509 0.0214342438 -0.0811463892 0.0444432124 0.0355338305 -0.0796087012 0.0462173484 -0.0149272541 -0.0708607212 0.0516276285 -0.0117793679 -0.085650444 0.0391776003 -0.0192023981 -0.0948253796 0.0224925149 -0.00895214453 -0.0916452631 0.0320402943 -0.068456918 -0.0608277023 0.0558934286 0.0155013092 -0.0857532397 0.0393344164 -0.000899828214 -0.0917264596 0.031423118 0.011666283 -0.093196094 0.0264089555 0.00360207097 -0.0795219019 0.0461595766 -0.00759503292 -0.0885166004 0.0332575142 -0.00974809099 -0.077770941 0.0472967662 -0.127963439 -0.0971866474 0.0136344489 0.000495616405 -0.0933164209 0.0234464705 -0.00480076019 -0.0954889804 0.0190541763 0.00334211276 -0.0845253691 0.0400394872 0.0530054532 -0.0970047265 0.000374553521 -0.0169492513 -0.0959889218 -0.0219974816 -0.12797609 -0.097445935 -0.0277498215 -0.127868295 0.0485475883 0.0570526682 -0.0504384972 0.0808582082 0.0446872897 -0.0336417556 0.0870343149 0.0381139182 -0.0502241142 0.0810610354 0.0416820012 -0.0219320208 0.0869820416 0.0367508754 -0.0208151452 0.0945539251 0.0217902474 -0.0343505479 0.0934256986 0.0263955947 -0.0402636193 0.0950919688 0.0180299692 -0.0293516964 0.0807985738 0.0447946973 -0.0212475825 0.0824631676 0.0418993793 -0.0410310701 0.0909927562 0.0294862799 -0.0362416618 0.0882289261 0.0331569314 -0.0544883683 0.0959148481 0.0165507253 -0.0610653609 0.0919507146 0.0285793375 -0.0472459532 0.0943775475 0.0216502547 -0.0573766716 0.0874697268 0.0358562917 -0.00220177276 0.0791658089 0.0461842306 -0.0651849732 0.0884935558 0.0349096097 -0.0691421032 0.094775185 0.0201202948 -0.0470045097 0.0852710009 0.0393429585 -0.127959341 -0.048469685 0.0570159405 -0.1280123 0.0602518059 0.0632732809 -0.127986327 0.0876004323 0.0379665978 -0.0784971863 0.0637865439 0.0547503792 -0.0978488103 0.0550275519 0.0606424361 -0.0736684501 0.087218821 0.0368332639 -0.0823204815 0.0806130841 0.0444722772 -0.0719425827 0.0814391226 0.0415425636 -0.0921902135 0.092238754 0.0292978007 -0.0828134492 0.0962754041 0.0158366896 -0.127965018 0.0949290842 0.022664642 -0.127984628 0.0970819816 0.00343691953 -0.0868484527 0.0933634415 0.0186577402 -0.0722062811 0.0925110132 0.0277608335 -0.0849707052 0.0874268711 0.0356370285 -0.0840865299 0.0939454064 0.0234651137 -0.0630978048 -0.0511383936 0.0588627309 -0.0394451059 -0.0841825977 0.0413787365 -0.0394007005 -0.0927258208 0.027126953 -0.0246239603 -0.0892745033 0.0339331441 -0.0186143611 -0.0776971653 0.0469225086 -0.02850537 -0.0750063136 0.0480277352 -0.0270219911 -0.0852527991 0.0396054462 -0.0321726054 -0.0699576065 0.0518717393 -0.0252713058 -0.0935739949 0.0258983951 -0.0439062752 -0.0940145627 0.01989609 -0.0453355424 -0.0806881189 0.0452030897 -0.093443498 -0.0672285706 0.0538495854 -0.127904087 -0.0768060312 0.0485308543 -0.127996624 -0.0905102119 0.0345597342 -0.0491718538 -0.089018546 0.0358766988 -0.0463715568 -0.0949699804 0.0238599386 -0.0307399407 -0.0963387191 0.0167899858 -0.128004178 -0.0605199933 0.0631952807 -0.127994508 -0.0948706344 -0.0386830457 -0.127978548 -0.083199203 -0.0525188521 -0.127929434 -0.0901234224 -0.0464196764 0.0654694811 -0.0939853266 -0.0213798955 -0.0909008011 0.0857521817 0.039623186 -0.116240785 -0.0584552921 -0.0744848624 -0.12235935 -0.0615889244 -0.0570000112 -0.121131673 -0.0563995987 -0.0740140155 -0.0902461708 -0.0551290326 -0.0569999926 -0.097508356 -0.0560612381 -0.0762887895 -0.0943334401 -0.0507879294 -0.0765947104 -0.0943791941 -0.0414845459 -0.0765901133 -0.0933243409 -0.0344962627 -0.0619999766 -0.0912749171 -0.0384586602 -0.0619999953 -0.0902177542 0.054591082 -0.0569999814 -0.0914175659 0.0373124108 -0.0620023608 -0.0945499837 0.0511859953 -0.0765738934 -0.092401728 0.0585977696 -0.0570000038 -0.0992144421 0.0570366532 -0.0761241838 -0.122215666 0.061321985 -0.056999974 -0.0962566733 0.0613739341 -0.0569999702 -0.126721576 -0.0383701101 -0.0619999468 -0.127579555 0.0556141548 -0.056999933 -0.126767531 0.038102176 -0.0619999468 -0.119474784 -0.0345975384 -0.0741736963 -0.124096192 -0.0340032093 -0.0619999729 -0.120392606 -0.0315778069 -0.0620000102 -0.101058416 -0.0344733112 -0.0759468153 -0.0961892083 -0.0378439091 -0.0764159113 -0.124191768 0.040352121 -0.0737191364 -0.124270394 0.0509053618 -0.0737116411 -0.119474545 0.0341525748 -0.074173525 -0.124147274 0.0335820392 -0.0619999804 -0.094248116 0.0332159214 -0.0619999692 -0.0981768444 0.0310174506 -0.0619999543 -0.099425301 0.0344706401 -0.0761041045 -0.0943968147 0.0408563614 -0.0765887871 -0.119406849 0.0574571714 -0.0741802305 -0.127743885 -0.0554262884 -0.0569999963 -0.124217682 -0.0517259128 -0.0737165809 -0.125698149 -0.0588867143 -0.0569999963 -0.102094524 -0.0581836365 -0.0758472905 -0.124302991 -0.0412497893 -0.0737085491 -0.0946651697 -0.06131915 -0.0569999777 -0.0976823941 -0.0316794515 -0.0619999506 -0.119790293 0.0310150031 -0.0619999468 0.239865839 0.013467256 -0.0387338512 0.228932232 0.00258207158 -0.0415748581 0.239536464 -0.0148407547 -0.0387542583 0.22047022 0.0147495875 -0.0439830162 0.24096629 0.0141073829 -0.0436006822 0.219763607 0.0131553188 -0.0492872186 0.218935072 0.0139390575 -0.0533165745 0.214017347 -0.00545801921 -0.0507480949 0.213897884 0.00475352863 -0.0504162051 0.188722908 0.0146461502 -0.052785147 0.211353302 0.0079477746 -0.0462297015 0.187961608 0.0146544334 -0.0585200265 0.202578545 0.011976663 -0.0541469269 0.221517026 0.00193689903 -0.0397297554 0.214380011 -0.00366820931 -0.0448659882 0.229608342 -0.00312879845 -0.0413587727 0.240978628 -0.0145427957 -0.0434763283 0.219532773 -0.0149230799 -0.0511425063 0.208964124 -0.0152060967 -0.0470292531 0.205584526 -0.0126029737 -0.0534288101 0.19104968 -0.00499203894 -0.0526605807 0.188813522 -0.00604577502 -0.0577369593 0.191724792 -0.0149980718 -0.0578661188 0.157023415 0.0168112125 -0.054043252 0.148386478 0.0191082712 -0.0589634106 0.13608028 0.0133172283 -0.0538095795 0.189374298 0.00997028686 -0.0522229373 0.18257463 -0.0149075333 -0.0540950783 0.163099945 -0.0164315552 -0.0589407422 0.184348762 -0.00751716364 -0.0486922786 0.137518197 -0.0141356234 -0.0538636781 0.187304795 -0.0108447447 -0.0530298315 0.18113555 0.00473605562 -0.0537588522 0.179238141 0.00568893319 -0.0592755564 0.12577793 -0.0281083565 -0.0540132299 0.147098795 -0.020107124 -0.0540279746 0.128202662 -0.0280130915 -0.0589742549 0.142338365 -0.0219500624 -0.0589747205 0.128180087 0.0275880396 -0.0590332262 0.142994702 -0.0104583427 -0.0582296178 0.148035526 0.00893239584 -0.0577739589 0.130623907 0.0268467497 -0.0539928563 0.0897283107 0.0276055988 -0.0540129915 0.0896054804 0.0276540425 -0.0589961335 0.0896920934 -0.0281284582 -0.0540091321 0.0896503404 -0.0281520821 -0.0589394867 0.176066756 0.00729143247 -0.049402345 0.162418142 -0.0063415328 -0.0558159761 0.326629132 0.0213028472 -0.0230332427 0.327866137 0.0129749496 -0.0224461798 0.325775772 0.0143042784 -0.0286900681 0.323607802 0.0232361481 -0.0357276499 0.329147041 0.0106942775 -0.0345104076 0.33015275 -0.0038910578 -0.0342398509 0.327978581 0.000605898444 -0.0271827783 0.312462479 0.0340037271 -0.0318445265 0.319547772 0.0308794528 -0.0247837808 0.317093462 0.0315821767 -0.0376740992 0.310239822 0.0382128246 -0.0272751451 0.274222553 0.0427549817 -0.0368119329 0.302026778 0.0410540849 -0.0417736582 0.297064096 0.0435267203 -0.0308378823 0.285385758 0.0430340767 -0.0413979515 0.290245384 0.0434403159 -0.0446254797 0.276548117 0.0415875837 -0.0485959798 0.246137172 -0.000729193853 -0.0567600317 0.313194782 -0.0373422131 -0.0263990499 0.328383386 -0.0159028042 -0.022425808 0.325665921 -0.0149742393 -0.0288856085 0.325197101 -0.0215817224 -0.0355248898 0.302894086 -0.0397699624 -0.0356746837 0.298426062 -0.0425959267 -0.0426244214 0.31416297 -0.0345831513 -0.0385095961 0.27602452 -0.0424131677 -0.0487209409 0.324396014 -0.0241702572 -0.0252882428 0.315642625 -0.0314224549 -0.0306370165 0.2902596 -0.0450883582 -0.03253261 0.287893593 -0.0432398655 -0.0398540832 0.254498869 -0.0270749368 -0.0545100942 0.276070714 -0.0432209522 -0.0365232341 0.253335744 0.0302609354 -0.0424219184 0.254573762 0.0268987305 -0.0487620868 0.248019233 0.0159957036 -0.050046891 0.26718989 0.0371272229 -0.0506024286 0.255245775 0.0274957735 -0.0542911515 0.247990236 0.0146885626 -0.0559766442 0.243282944 0.0149784274 -0.0451189764 0.251811773 -0.0288290493 -0.0428252555 0.241323844 0.0146824401 -0.0435112976 0.226699874 0.0146687832 -0.0530094728 0.248356476 -0.0151372263 -0.055778522 0.227224767 -0.0152024971 -0.0530708805 0.220714211 0.0133072473 -0.0489897393 0.22072491 0.00944257062 -0.0529849119 0.262637079 -0.037491776 -0.0399367213 0.260811865 -0.0338111632 -0.0493582897 0.252708882 -0.0249786973 -0.04914359 0.243317142 -0.0155231226 -0.0451696962 0.220789224 -0.0100098597 -0.0530821905 0.221359909 -0.0139009571 -0.0488448665 0.240185156 -0.000225304597 -0.0458680838 0.241037875 -0.0151410745 -0.0435558818 0.128536522 -0.0583385378 -0.0569999926 0.0884559453 0.0255526137 -0.0570001043 0.0885139331 -0.0259278473 -0.0570001192 0.0934184864 -0.0359817557 -0.0935717598 0.0893385783 -0.0275510568 -0.0619999953 0.0981270149 -0.0340005159 -0.0940256417 0.119782984 -0.0272484533 -0.0619999729 0.115202114 -0.0352750234 -0.095670037 0.111559048 -0.0342009291 -0.0953192264 0.120028004 0.0408763103 -0.0961341485 0.127292693 0.0334790535 -0.061999958 0.117555477 0.0365985446 -0.0958964601 0.11785122 0.0546626374 -0.0959247723 0.120137274 0.0498699509 -0.0961448699 0.112944663 0.0576473437 -0.0954525843 0.121665269 0.0657026544 -0.0569999814 0.125925437 0.0630964786 -0.0569999814 0.128418252 0.0588735417 -0.056999974 0.098077096 0.0579964481 -0.0940208137 0.0933213159 0.0559332371 -0.0935624018 0.0893244743 0.065746367 -0.0569999814 0.0824747011 0.0333186761 -0.0570000261 0.0902133137 0.0405092724 -0.0932632834 0.0842613131 0.029307792 -0.0570003055 0.0933446884 0.0356115215 -0.0935646147 0.123673752 0.0284684356 -0.0619999692 0.11312671 0.0339378417 -0.0954701602 0.119757488 0.0267860964 -0.0619999655 0.0895079747 0.0269659366 -0.0619999617 0.0881916434 0.0279277284 -0.0619998686 0.0980371237 0.0335702486 -0.0940170288 0.0845827237 0.0627145842 -0.056999974 0.121572465 -0.066176489 -0.0569999889 0.118146978 -0.0548156202 -0.0959534049 0.126305684 -0.0632065311 -0.056999974 0.0824666992 -0.0337679796 -0.0570000522 0.0842030868 -0.0298174135 -0.0570003763 0.0902145058 -0.040924985 -0.0932635814 0.120121002 -0.0503705181 -0.0961431563 0.124149859 -0.0292199738 -0.0619999692 0.127344653 -0.0342278071 -0.0619999692 0.118050814 -0.0377146192 -0.0959441289 0.0825667679 -0.0593902953 -0.0569999889 0.0895781219 -0.0662120134 -0.0569999926 0.0851358473 -0.0637218207 -0.0569999814 0.0824348032 0.0580889881 -0.0569999702 0.0981189162 -0.0584481731 -0.0940250307 0.120092414 -0.0417218618 -0.0961405411 0.113000624 -0.0580898859 -0.0954580456 0.0948619917 -0.0572894812 -0.0937110111 0.0901293382 -0.0507919937 -0.0932551622 0.0919233188 -0.0548358932 -0.0934285 0.0902373269 0.0511575304 -0.0932657868 0.326263994 -0.00535332505 0.0429999903 0.326400369 -0.00333598326 0.0471485555 0.326413989 0.000988636399 0.0479912199 0.326414019 0.00494807586 0.0443121232 0.326413989 0.00222536526 0.0382177308 0.326420009 -0.0036362859 0.0390201844 0.326564014 -0.00531965448 0.04384882 0.327066392 0.00543671986 0.0476483442 0.322564006 0.00283857412 0.0500154346 0.327057451 -0.000854615879 0.0501207709 0.322564006 0.00550196879 0.0367636755 0.322564006 -0.00860190205 0.043461889 0.327043384 -0.00627551042 0.047037866 0.327079117 0.00599689735 0.0389428698 0.327049285 -0.0066826893 0.0394397452 0.327050745 -0.000853270059 0.0358697101 0.326763988 0.00290792785 0.0147140622 0.32645148 -0.00833741017 0.00670898147 0.326293409 -0.00626844587 0.00141548074 0.326041788 -0.00723646628 0.0110904798 0.326157928 0.00699639414 0.0112400819 0.326130658 0.000956105592 -0.00131526869 0.326116949 -0.00180253712 0.0152795585 0.32637006 0.00693529285 0.00260914862 0.316616297 -0.0321322978 -0.0744055882 0.306190968 -0.035683509 -0.0426106155 0.317317784 -0.0354708359 -0.0769340321 0.329595208 -0.015318905 -0.0671426058 0.32381174 -0.0171335861 -0.0384236351 0.323831588 -0.0193771124 -0.0792092085 0.317176133 -0.0156664904 -0.0784684941 0.313825846 -0.0153339412 -0.0909418836 0.310806334 -0.0192262568 -0.0882871747 0.313262731 -0.0331994146 -0.0775601044 0.301352561 -0.0169275831 -0.0898954123 0.297439635 -0.0361413509 -0.0881360471 0.299865633 -0.0350679196 -0.0814244747 0.301745385 -0.0387885682 -0.0883156881 0.296931505 -0.0164427944 -0.0981583074 0.279913485 -0.0162827745 -0.0890442729 0.282889992 -0.0284766704 -0.0884977356 0.254539073 -0.0161011945 -0.0569519624 0.259406596 -0.0167499371 -0.0797651634 0.272778273 -0.0194157325 -0.0906571001 0.271127552 -0.0358127393 -0.0515767187 0.280796468 -0.0358535126 -0.0879924148 0.278370559 -0.0323933549 -0.0860868916 0.287794292 -0.040692728 -0.0475051627 0.252695829 -0.0130597353 -0.0572988242 0.27069062 -0.0373091958 -0.0453456677 0.248242557 0.0111961346 -0.0511093736 0.312263578 -0.0319329388 -0.0347192474 0.289389253 -0.0375355817 -0.0489211455 0.260772496 -0.0289880652 -0.0450226665 0.27166903 -0.0335260294 -0.052789025 0.262263834 -0.0222545713 -0.0582273044 0.253033638 0.0132317282 -0.0580143705 0.248377293 -0.00339944614 -0.0483446494 0.294923842 0.0375637449 -0.0358316042 0.322680771 0.0157068614 -0.0313310698 0.286238968 0.0411309227 -0.0408073924 0.324518263 0.00935036782 -0.0279845968 0.302088112 -0.0376769491 -0.0339485854 0.306501806 -0.032947056 -0.0431652367 0.317003846 -0.0222547874 -0.0435596555 0.317839384 -0.0228979234 -0.0612077788 0.321786642 -0.0210011359 -0.0389608443 0.324566066 0.0129840961 -0.0388223417 0.30700779 0.0324615389 -0.0434919409 0.318392605 0.0228233691 -0.0594603047 0.26723823 0.0320252217 -0.0433458686 0.269753486 0.0316049755 -0.0529277623 0.28601861 0.0384603143 -0.0492500998 0.258621871 -0.0285257045 -0.0565987527 0.268519759 -0.0327784196 -0.0727763847 0.270546198 -0.0229576826 -0.0739684477 0.318858594 -0.0327812694 -0.0592943914 0.318756878 0.0323818997 -0.0592974201 0.319342792 0.0280796532 -0.040327806 0.262402683 0.0220103413 -0.0581950955 0.262386322 0.0316986926 -0.056205783 0.268783718 0.0322706439 -0.0731276348 0.270387977 0.022423001 -0.073782675 0.314787984 0.031678509 -0.0756385624 0.317881137 0.0350599848 -0.0790347904 0.305584311 0.0348273665 -0.0422878005 0.313861966 0.0345981345 -0.0794352517 0.325307906 0.0188167375 -0.0796331242 0.323797822 0.0171562433 -0.0381374881 0.320216179 0.0147863654 -0.0873781368 0.323426485 0.0163881574 -0.0635389015 0.315293312 0.015180585 -0.0797403976 0.304794788 0.0191993825 -0.0889524743 0.302004606 0.0189045835 -0.0958699211 0.288428277 0.0382888205 -0.0472399332 0.301806599 0.0384207517 -0.0886286274 0.298485518 0.0373330414 -0.091630578 0.298449308 0.0331720933 -0.0838828012 0.29550761 0.0164147094 -0.0914395675 0.271347851 0.0146775572 -0.0911775827 0.269076794 0.01882842 -0.0911691636 0.254083216 0.0173561908 -0.0572467744 0.282284737 0.0344267376 -0.0889589638 0.271210194 0.0344026238 -0.0517443754 0.28211537 0.0314135514 -0.0849881023 0.278127313 0.0342547074 -0.085592024 0.279280573 0.016169101 -0.088478595 0.289347082 0.0375619493 -0.0505228266 0.272271693 0.0278178398 -0.0633754581 0.257147223 0.0121773006 -0.0625898093 0.273448855 -0.0149102267 -0.0633772388 0.271020561 -0.0213247538 -0.0634361058 0.265622139 -0.0181022249 -0.0648705065 0.277083576 0.0114090452 -0.0628147125 0.281511486 0.0114501668 -0.0745536461 0.280095249 -0.0137795815 -0.078176558 0.306518018 0.011508815 -0.0550060719 0.311417401 -0.0136241941 -0.0696923733 0.305508107 0.0114823133 -0.0754615813 0.303431988 -0.0134754665 -0.0806031525 0.310961157 -0.0281819161 -0.0530162156 0.312973768 -0.0283199195 -0.0721122995 0.311096489 -0.0158875696 -0.0534752831 0.29067263 -0.0376952067 -0.0495859012 0.294119149 -0.029697746 -0.0848729536 0.326780349 0.00301943696 -0.0383522548 0.323465407 -0.0112987207 -0.0490235575 0.31687361 -0.0199241415 -0.050959073 0.31120491 0.0151214032 -0.0535178818 0.312706143 0.0211848728 -0.0522342511 0.31899932 0.0176442824 -0.0506240651 0.310952961 0.0277246963 -0.0529912487 0.309821427 0.0141798118 -0.0762481019 0.282992274 0.0143442871 -0.0819252506 0.298263639 0.0128000919 -0.0822151452 0.272240877 -0.0283404961 -0.0633687675 0.260272831 -0.016563898 -0.0657927766 0.267144293 0.020664148 -0.0640558898 0.291541368 -0.0129633425 -0.0830462649 0.312888056 0.0281641819 -0.0684263706 0.298872799 0.0285884794 -0.0851471424 0.278148353 0.0281415209 -0.077540271 0.272436947 0.0146813961 -0.0638240203 0.307739556 -0.0117300311 -0.0541781671 0.277722448 -0.0279365107 -0.0771756619</float_array>
          <technique_common>
            <accessor source="#positions_array" count="709" stride="3">
              <param name="X" type="float" />
              <param name="Y" type="float" />
              <param name="Z" type="float" />
            </accessor>
          </technique_common>
        </source>
        <source id="normals">
          <float_array id="normals_array" count="3411">0.342941821 0.744234324 0.573154628 0.376473755 0.875497222 0.302939206 0.45296365 0.692721546 0.561213732 0.851456106 0.47890532 0.213710546 0.795696497 -0.115051478 -0.59466821 0.789768577 -0.216387168 -0.573970556 0.298155308 0.730328441 0.614592314 0.617693901 -0.786319196 -0.0125017688 0.915440559 -0.399772882 -0.0463702865 0.662825763 -0.747867703 -0.0368227176 0.370402128 0.542059481 0.754303515 0.316175371 0.064026013 0.946537793 0.422841132 0.454433024 0.78402549 0.982278943 0.187003314 0.012561515 0.989436209 -0.144627005 0.00994793512 0.896160781 -0.443242282 0.0207883865 0.907726824 -0.419523925 0.00562358927 0.971712768 0.235272601 0.020520974 0.452830642 0.812170982 0.367862314 0.481724352 0.860695839 0.16475518 0.638535619 0.731987476 0.237626895 0.382287592 0.661392033 0.645303667 0.233795136 0.278283715 0.931610405 0.494537473 0.169043034 0.852559149 0.517220855 0.832146645 0.200036317 0.396977276 0.428756803 0.811527371 0.202290222 0.468096226 0.860211968 0.289942294 0.369337738 0.88290602 -0.375043571 0.402008653 -0.835303128 -0.59859699 0.634538591 -0.488919646 -0.574787736 0.261454642 -0.775409877 0.268049061 0.562208056 0.782350183 0.133399799 0.312087715 0.940641105 0.262072176 0.60136199 0.754772782 -0.361144722 0.547969639 0.754522204 0.273438036 0.625220954 0.730979085 -0.1530637 0.539212644 0.828143239 0.275987238 0.541319132 0.79423213 0.728491426 -0.0531213284 0.68299222 -0.785713077 0.215595141 -0.579804897 -0.591262698 -0.00484179519 -0.806464493 -0.838750601 -0.228313521 -0.494338334 -0.642115831 -0.301461369 -0.704846323 0.0779725835 0.994749308 0.0662883073 0.409634024 0.506103098 0.758985877 0.468337089 0.882998765 -0.0312020332 -0.171836257 0.842942595 -0.509823561 0.604069948 0.683680296 0.40948841 -0.555398524 0.727881372 -0.402145773 -0.605306864 0.618206203 -0.501422584 0.544089556 0.672143817 0.502184451 -0.745746017 0.479724735 -0.462306172 -0.700571775 0.540854871 -0.465483814 -0.922167122 0.194768399 -0.334175229 0.405720413 -0.867150784 0.288860708 0.447708845 -0.707668245 0.546591699 0.507103145 -0.826000154 0.246109992 0.308322996 -0.781017363 0.543091893 0.274774134 -0.61065942 0.742693901 0.363042504 -0.745211899 0.559338331 0.254929751 -0.477688283 0.8407287 0.510922372 -0.848736167 0.136401117 0.687922835 -0.636748731 0.348300457 0.661659777 -0.598373532 0.451835692 0.799922228 -0.194963783 0.56755048 0.884225249 -0.431625515 0.178451866 0.821150601 0.267412245 -0.504184842 0.845540106 0.532208085 -0.0426194593 0.634149253 -0.766132772 0.104380473 0.864278376 -0.502192616 0.0287300106 0.34659335 -0.450003773 0.82302469 0.229778484 -0.655858517 0.719062924 -0.317580938 -0.888344169 0.331642807 0.601216137 -0.7136361 0.359531134 0.129825532 -0.191069543 0.972953141 0.204562336 -0.22926411 0.951626122 0.0887322426 -0.277501732 0.956618726 -0.583862066 -0.769749105 -0.258053184 -0.64831239 -0.610611975 -0.454801202 -0.708526731 -0.587840617 -0.390427142 0.396707624 -0.450392693 0.799855888 0.596413493 -0.720935583 0.352906376 0.305613667 -0.375548929 0.874964714 0.578881621 -0.620047629 0.52956301 0.137244493 -0.986422122 0.0901963934 0.778443575 -0.507290542 0.369705111 0.6616081 -0.70372963 0.258919567 0.597671509 0.794389427 0.10832461 0.786570787 0.615989923 0.0431605279 0.789496303 -0.367589533 0.491501331 0.979327738 0.108058907 -0.170998499 0.51913166 0.850380898 0.0857592374 0.367193848 0.930086255 -0.0104039256 0.0215985011 0.972291946 -0.232770011 0.255112439 0.966852367 0.0106832702 0.262341708 0.00137758907 -0.964974046 0.263957471 0.00308476109 -0.964529395 0.258819342 -0.000479678332 -0.965925634 0.261486202 0.000126278916 -0.965207219 0.267059445 -0.000888653973 -0.963679671 0.249728769 0.000580355816 -0.968315661 -0.224456385 0.957407653 -0.181631371 0.998711407 -0.0233139396 0.0450777709 0.97735846 -0.211421564 0.00844801869 -0.921198487 0.387841463 -0.0311817527 -0.997757912 -0.00153155625 0.0669092238 -0.940939069 -0.33654359 0.0370420441 -0.857395887 0.487011313 -0.166409925 -0.982240677 0.0472924821 -0.181567281 0.257868469 3.93854752e-05 -0.966180027 0.258256912 -4.9459235e-05 -0.966076255 0.259973764 7.30364991e-05 -0.96561569 -0.366869956 0.690753579 -0.623109937 -0.497998774 0.788820922 -0.360220373 -0.911440372 0.344121724 -0.225514203 -0.619434178 0.755737066 -0.212515339 0.732811511 -0.677031636 0.0679374635 0.325249702 -0.945191681 -0.0287283268 0.473594934 -0.876141489 0.0899109542 0.96995163 0.204317153 -0.132092297 -0.274964362 0.894784927 0.351787627 0.25951162 -0.000408628985 -0.965739906 0.158619344 -0.986176074 0.0479233786 -0.200913399 -0.969964147 -0.137125477 0.257681668 -0.000962548889 -0.966229379 0.259828448 3.46137385e-05 -0.96565479 0.257730722 8.20465721e-05 -0.966216803 0.253544867 -0.000938116573 -0.967323184 -0.0237466656 -0.961720765 -0.273000598 -0.416708171 -0.877683103 -0.236699656 -0.63971746 -0.743578434 -0.194557518 0.26328674 -0.000964508508 -0.96471715 -0.507813156 -0.803458989 -0.310772449 -0.871530592 -0.451900035 -0.190317735 -0.722960413 -0.590886712 -0.358023912 -0.93915844 -0.340237647 -0.0471140146 0.333546251 -0.899895787 -0.280952752 -0.930540144 -0.263201565 -0.254597664 0.11477524 -0.909187198 -0.400256455 -0.488880962 -0.7505548 -0.444592983 -0.736915827 -0.596375704 -0.318262517 -0.406437308 0.223872095 0.885827303 -0.284364671 0.0654341206 -0.956480563 -0.411491841 0.747626901 -0.521275759 0.107924104 0.860049009 -0.498666286 -0.340617031 -0.034858942 -0.939555705 -0.063557066 0.494523317 -0.866837442 -0.0540845655 0.417632371 -0.907005012 0.00852840766 0.334107429 0.942496419 0.00730937347 0.720370352 0.693551123 0.166456699 -0.454841644 -0.87487781 0.191898093 0.472155541 -0.86037451 0.262403727 0.497308433 -0.826939285 -0.105258793 -0.116195865 0.987633109 -0.0860566944 0.0532560982 0.994865835 0.368876815 0.401426107 -0.838323891 0.0430239029 0.337649614 0.940288067 0.527525008 0.506695747 -0.681892097 0.148625299 0.813427031 0.562358439 0.499576032 -0.519722581 -0.693045616 -0.0824119598 -0.301692784 -0.949836671 0.420235425 -0.0322454832 -0.906841993 0.68889612 0.156899571 -0.707675517 -0.0509166569 0.576475441 0.815526545 0.0244234558 0.833963633 0.55127871 0.0268571433 0.707534313 0.706168413 -0.101758353 0.705462515 0.701404214 -0.00885537639 0.722005844 0.691830337 -0.0958713889 0.682551384 0.724522054 0.938781679 -0.0278019886 -0.343389034 0.946520627 -0.00293114665 0.322629929 0.855065882 0.311095715 -0.414827377 0.499365211 0.439660877 -0.746547163 0.386468738 0.386292309 -0.837508321 0.793214083 0.218283996 -0.56847471 0.403773993 -0.408869684 -0.81840831 0.999887824 -0.0127633773 0.00783907529 0.999999464 -0.0010146203 -0.000164416546 -0.306324542 -0.122074425 0.944067299 0.717718065 0.265038311 -0.643921971 -0.261676103 -0.139267907 0.955054998 0.502039194 0.427779973 -0.75163883 -0.316425681 -0.450064361 0.835054994 -0.163508907 -0.390097111 0.906139672 -0.329077214 -0.344894469 0.879065394 -0.207387194 -0.409327775 0.888505101 -0.271467209 0.396767288 0.876858771 -0.303619713 0.165587544 0.938294113 0.999981582 0.00535712531 -0.00284512877 0.999994457 0.00318533601 -0.000962369726 -0.0629271716 0.997728527 0.0240399763 -0.00346290553 0.997777343 0.0665456876 -0.0141393663 0.99861145 -0.050747145 0.993408978 0.114539094 -0.00441091973 0.960748792 0.277347833 0.00632069306 0.999972641 0.00722817378 -0.00156535907 0.999963641 0.0085267853 -0.000155330519 0.00594436843 0.937486649 -0.347970426 -0.00306976587 0.991743982 0.128196806 -0.719260216 0.0319357067 0.694006383 -0.38678959 -0.541513562 0.746429384 0.0148619991 -0.0545009486 0.998403132 -0.380472928 -0.429934025 -0.8187778 0.172165364 -0.483392 0.858307242 0.243888497 -0.35529393 0.902377188 -0.847507477 -0.351160437 0.3980169 0.0258261897 -0.265297383 0.963820696 0.0168561433 -0.757701457 0.652383626 0.145582214 -0.872452319 -0.466511309 -0.07755097 -0.481853575 -0.872813284 -0.272718072 -0.785823524 -0.555073202 -0.0779311508 0.210571766 0.974467158 0.212071121 -0.475632906 -0.85369736 -0.0921234936 -0.404253542 -0.909995794 0.394127876 -0.388465822 -0.832921088 -0.207869858 0.122490495 0.970456719 0.562577128 -0.682805061 -0.466137618 0.0144235399 -0.332090646 -0.943137169 0.15435937 -0.613351405 -0.774579346 0.429185212 -0.804494679 -0.410595089 0.451456517 -0.445547253 -0.773094237 -0.15789631 -0.141609803 -0.977248907 0.99901104 -0.00895291846 0.0435518138 -0.256329834 0.501666963 0.826211393 0.510315299 -0.396178484 -0.763296127 0.741449535 -0.244066507 -0.625047266 0.432613283 0.0719371215 -0.898705065 0.0452444591 0.173597962 -0.983776748 -0.264587313 0.378226727 0.887095332 0.972077131 0.00400906941 0.234627306 0.966346443 0.00831026956 0.25710994 0.00978464354 -0.625513434 0.780152023 0.0099436678 -0.771360576 0.63632071 0.7617172 -0.534646928 -0.365977466 0.946895063 0.0170232709 -0.321091801 -0.0136783011 -0.700706482 0.713318586 0.0711901933 -0.714671433 0.69582808 -0.107915722 -0.729640305 0.675262332 -0.0416668281 -0.522273242 0.851759672 -0.248580307 -0.534096777 0.808052242 0.948641956 0.023397075 -0.315485418 1 0.000178677845 0.000149572559 0.999676168 0.00991995912 -0.0234329011 0.999989688 -0.00433302531 0.00133936841 9.07483191e-05 0.129587859 -0.991567969 0.000949421665 -0.162016422 -0.986787617 -0.000120995035 -0.180671096 -0.983543575 -0.0038807143 -0.978564799 0.205902532 -0.0389867239 -0.999236584 -0.00251094578 -0.0263598487 -0.994799435 -0.0983828902 0.00248639844 -0.551776469 -0.833988309 0.999977767 -0.00473584794 -0.00469490793 0.99999404 0.00344859692 -5.01691829e-05 -0.140728638 -0.590618193 0.794585168 -0.0540113598 0.515967071 0.854903936 -0.0835453048 0.830476344 0.550753295 -0.00448504835 0.536561191 0.84384948 0.125890777 0.664356411 0.73673743 -0.207134217 0.327177078 0.921981871 -0.0109968614 0.578883171 0.815336347 -0.0654962659 0.870855689 0.487155616 -0.373039901 0.67210114 0.639625847 0.0156911369 0.758683503 0.651270449 -0.0147561384 0.702910841 0.711124897 0.0543330945 0.645004392 0.76224488 -0.999292076 0.0297555774 0.0230217744 -0.0135022802 0.0579791777 0.998226464 0.120905899 0.73749429 0.664442539 0.0802906528 0.709350228 0.700268269 -0.019854147 0.796471953 0.604349434 -0.00479069119 0.958551109 0.28488034 0.119386204 0.957793236 0.261493832 0.000875662721 0.934713185 0.355401814 0.0163334385 0.777263284 0.62896347 0.0319052748 0.843715429 0.535841703 0.048091162 0.829510868 0.556416154 0.139582396 0.985169172 0.0997918993 -0.00279209996 0.975553453 0.219744638 -0.0012955931 0.968176663 0.250264317 0.0182338413 0.90255183 0.430194914 0.0515360162 0.979066372 0.196908727 -0.00883650314 0.790968716 0.611792743 0.0574623421 0.883903801 0.464125186 0.000496151741 0.531043649 0.847344339 -0.240184888 0.650193393 0.72080493 -0.00330040627 0.959071159 0.283146024 0.00886006095 0.919025898 0.394097537 -0.0400564186 0.91276288 0.406521112 -0.0614373088 0.8243016 0.56280756 0.0228577163 0.9734779 0.227636456 0.00382460444 0.80980432 0.586687624 -0.00872742385 0.607628405 0.794173479 0.0265314784 0.798812807 0.600994289 0.0128592029 0.767413557 0.641023517 0.017948145 0.749560833 0.661692083 -0.00240970193 0.0122591248 0.999921978 -0.00964380614 0.917447507 0.397739887 -0.0747320428 0.995556772 -0.0572871007 -0.0227252916 0.976337314 0.215055928 -0.0299629271 0.773875237 0.632628918 -0.0195293892 0.923493028 0.383117825 -0.0164059475 0.832639039 0.553573012 0.0105918022 0.97251153 0.232613727 0.0448701084 0.924883187 0.37759465 0.0015622084 0.725138545 -0.688601255 0.000345370121 0.432357371 -0.901702285 -0.00149369752 0.47470811 -0.880142033 -0.000780200062 0.96103406 -0.276428908 -0.00220619654 0.806577921 -0.5911237 0.0112416008 0.988444984 0.151162729 0.00455398438 0.99615401 0.0875009522 -5.45197108e-05 0.130091608 -0.991501987 0.00645153876 0.997805178 -0.0659027398 -0.0749211982 0.288890868 0.954425931 -0.105172984 0.306869477 0.945922732 -0.144503117 -0.403824359 0.903351963 2.16819553e-05 -0.0972825587 0.995256782 -0.203881398 -0.688206911 0.696278453 0.0865465477 -0.650666654 0.754415393 0.00694597047 -0.825088382 0.564961016 0.109963886 -0.748336017 0.654141486 -0.0194009375 -0.525040805 0.850855887 0.0153781651 -0.519734323 0.854189515 -0.0133006284 -0.39635092 0.918002725 -0.0185812414 -0.939293981 0.342609912 0.013103134 -0.945450842 0.325501263 -0.0180794057 -0.870221615 0.492328674 -0.0116620176 -0.825434923 0.564376831 -0.106844597 -0.74787426 0.655185699 -0.0339113548 -0.917217314 0.396941274 -0.00201665703 -0.836030185 0.548679709 -0.193679541 -0.854908884 0.481268108 0.000437679206 -0.923326313 0.384015977 -0.00992094167 -0.805736244 0.592191398 -0.00894932915 -0.888026953 0.45970425 -0.00756530464 -0.764741421 0.644292831 0.86891228 -0.25102064 -0.426591277 -0.0157508384 -0.480009347 0.877121985 -0.0202526748 -0.785140336 0.618986607 0.000722103228 -0.943310142 0.331911832 0.276420981 -0.832452893 0.480222493 0.0487057269 -0.357716918 0.932559013 0.135993913 -0.82391727 0.550150871 0.00618972676 -0.907457888 0.4200975 0.0745698065 -0.937072635 0.341078073 -0.014492631 -0.670393646 0.741864085 0.785816193 -0.103649668 -0.60971278 0.706104636 -0.707849324 -0.0191196054 -0.0238216482 -0.628592968 0.777369559 0.0364133939 -0.76626426 0.641492963 -0.000571046607 -0.988796949 0.149265587 -0.00837169215 -0.925972998 0.377496928 0.0267138276 -0.915077031 0.402393341 -0.0487968214 -0.780575156 0.623154283 0.00451339222 -0.998318076 -0.0577980205 0.00179472705 -0.995383561 0.0959601626 0.00616467977 -0.994101703 -0.108276568 -0.00256878999 -0.244149253 0.969734251 0.0270271469 0.496875912 0.867400646 -0.0746378601 0.841679811 0.534793675 0.123640142 0.920799971 0.369919688 0.0168161076 0.825825632 0.563674748 0.00335008511 0.940424621 0.339985788 -0.0531960614 0.923576176 0.37970677 -0.00920752808 0.918018639 0.396430403 0.0194381475 0.707253933 0.706692278 -0.00117284444 0.828695655 0.559698284 -0.0149168689 0.865412652 0.500837684 -0.233597398 0.833226144 0.501165152 -0.00302501861 0.976160407 0.217029393 -0.0211030096 0.908779919 0.416741848 0.0329891592 0.948242962 0.315827519 0.0411377214 0.832260191 0.552856803 0.0388521962 0.704717278 0.708423615 0.0172083061 0.830856919 0.556219995 0.00316400966 0.946796119 0.321818471 0.195935845 0.559345603 0.805445015 -0.999984205 -0.00561824767 7.80282789e-05 -1 0.000197931833 -4.1632502e-05 -0.999999464 0.00106235221 -3.37572237e-05 -0.577499926 0.121273175 0.807333052 -0.668532193 0.598426044 0.441532522 0.0407386273 0.42950362 0.902145743 0.064330861 -0.074243769 0.995163023 0.0219273642 0.790664315 0.611857116 0.0191721618 0.734962821 0.677836299 0.129393622 0.649292111 0.74945116 0.00388073805 0.915421069 0.402478874 -0.030296484 0.959329784 0.280657232 -0.0094246706 0.961203694 0.275678575 -0.999998569 0.00167148525 -0.00014957547 -0.999999046 -0.0011211409 0.000771444233 -0.14060019 0.976583958 0.162835449 0.000978119439 0.99902457 0.0441474244 0.0703232884 0.924871504 0.373720884 0.0374847017 0.80962348 0.585751414 -0.0733486786 0.991705894 0.105543531 -0.00378346373 0.236903265 0.971525848 0.0144378738 -0.00375231449 0.999888718 0.0358611718 -0.746213019 0.664740622 -0.0423597321 -0.939420998 0.340138048 0.0145989805 -0.858462214 0.512668967 -0.0380873643 -0.575982809 0.816574037 -0.0247534178 -0.579996288 0.814242959 0.0111756446 -0.802620709 0.596385062 0.00410782453 -0.513559818 0.858043969 0.00358877261 -0.917712808 0.397228241 0.10082303 -0.942735791 0.317937106 0.0316317901 -0.644920349 0.763594925 0.0485980883 -0.558933437 0.82778722 0.027015537 -0.674233258 0.738024175 -0.00749033177 -0.855499864 0.517748892 0.0457315445 -0.837813914 0.544037163 0.245244607 0.896634936 0.368647307 0.046700839 -0.152521372 0.987196147 -0.000956013741 -0.92488575 -0.380243957 0.00184915867 -0.884488523 -0.466558218 -0.999998093 -0.00141043798 0.00134799571 -0.999983013 -0.00582347484 0.000317766535 -0.999981701 -0.00604083575 0.000343580323 -0.999996066 -0.00225065858 -0.00168138545 -0.999985516 -0.00348713691 -0.00409354735 -0.999117613 -0.0315258652 -0.0277517661 0.281505376 0.0103407707 -0.959503949 -0.531028807 -0.654920936 -0.537668109 -0.528263867 -0.749659479 -0.398682803 0.186438099 -0.205913782 0.960645795 0.814648628 0.0918996483 0.572627366 -0.557638168 0.816412151 -0.150036007 -0.0771369115 -0.00736568775 0.996993303 0.583586454 0.721049011 -0.373517394 0.977097273 0.0116481408 -0.212474212 0.843315005 0.513148844 -0.159681126 0.0076193274 0.914540648 0.404422194 0.99998939 0.00010140855 -0.00460334355 0.0986438617 -0.778711855 0.619578242 0.00221477938 -0.977551043 0.21068722 -0.559883475 -0.824522555 0.0818110034 0.0286935903 0.976085663 -0.215484366 -0.00655981805 -0.365908355 0.930627763 -0.0384063013 -0.740069151 0.67143327 0.050467521 0.99381119 -0.098956041 -0.683662117 0.728905082 -0.0361037254 -0.0301856063 -0.917258024 0.397148043 -0.667163849 0.69948858 -0.256140858 -0.00124975026 -0.76503396 -0.643988729 -0.00055183738 -0.516195059 -0.856470883 -0.178885758 -0.577562392 -0.796505868 0.0562761873 0.781519115 0.62133795 0.680298626 -0.681592166 0.269491851 -0.999990404 0.00360656809 -0.00249310746 -0.999811351 0.0194200352 -0.00040774158 -0.999983728 0.00396318268 -0.00410693046 -0.999037862 0.0335334539 -0.0282648448 0.346016824 -0.862962902 0.368194729 -0.99999994 -0.000182070042 -0.000371520524 -0.999999225 0.000731378736 -0.00102915033 -0.988938451 -0.10256993 0.107145377 -0.153651834 -0.961895764 -0.226158574 -0.347387224 -0.90531522 -0.244389981 -0.466658711 -0.491214842 -0.73548466 0.915592134 -0.313908815 -0.251301289 0.635799885 -0.711839795 -0.298400134 0.939597547 -0.23418656 -0.249625906 0.947839499 0.205302626 -0.243826106 0.705799222 0.646520853 -0.289582908 0.966196895 0.121224239 -0.227526233 0.934118807 0.252500951 -0.252319932 0.95536238 -0.150440827 -0.254264265 0.919106364 0.290770799 -0.265886784 0.721175075 0.634949267 -0.277030438 0.396581352 0.871828258 -0.287469417 -0.395500153 0.880025744 -0.262934178 0.308510244 0.916259885 -0.255517721 -0.960736632 0.143065006 -0.237734213 -0.890278161 0.378587782 -0.253132492 -0.969638705 -0.129946962 -0.207158223 -0.345060825 0.61213553 -0.711493552 -0.706230938 0.641548634 -0.29942134 -0.284442544 0.927751005 -0.241599828 0.257615566 0.930745006 -0.259514838 0.723201454 0.627103388 -0.289345771 -0.678567708 -0.186398163 -0.710493922 -0.683965147 0.180008382 -0.70695734 -0.328156561 -0.61820066 -0.714241683 -0.693002343 -0.667764783 -0.271731436 0.655003071 -0.699881792 -0.284844726 0.247579589 -0.935783029 -0.251026928 0.397994578 -0.866016269 -0.302681506 0.926054776 -0.269207656 -0.264480293 -0.328109711 0.626853943 -0.706681073 -0.926001549 -0.278427303 -0.254949719 -0.683359742 -0.170034751 -0.710005403 -0.728368282 -0.624369144 -0.282210588 -0.0958580524 -3.33164826e-06 -0.995395005 -0.0958540961 8.72291912e-06 -0.995395422 -0.0958712325 3.11916983e-06 -0.995393753 -0.095871307 1.06309117e-05 -0.995393753 -0.0958587676 2.10473422e-06 -0.995394945 -0.685284555 0.178791776 -0.705987692 -0.0959425867 -7.10150562e-05 -0.995386839 -0.0957945511 -7.38950403e-05 -0.995401144 7.18227284e-07 1.77255572e-06 1 1.88076001e-07 -7.02490524e-07 1 -3.04451859e-08 6.35249137e-07 1 -5.78954939e-07 -2.8488405e-06 1 -3.45218155e-07 1.9903116e-06 1 3.49125708e-06 1.25000213e-06 1 3.22498408e-06 1.57840873e-06 1 0 7.3279416e-06 1 9.6599224e-06 5.05898197e-06 1 2.79173655e-05 1.69878167e-05 1 0.169501126 -0.958643973 -0.228628829 0.472081035 -0.844532013 -0.252794802 -0.000789046637 -1.21403882e-05 -0.999999702 -7.07272047e-05 -3.13511446e-05 -1 -6.11953292e-05 -2.27355886e-05 -1 -0.00058027741 -7.83551513e-06 -0.999999821 -4.34236063e-06 2.99651592e-09 -1 -1.52398252e-06 2.5855411e-07 -1 3.32897162e-06 3.19938742e-08 -1 -3.79091239e-06 1.06133939e-06 -1 -8.17348791e-06 -3.62714303e-08 -1 -1.04602796e-05 2.00239327e-07 -1 -1.39580216e-05 -7.69843034e-09 -1 -1.16343153e-05 -1.10225862e-07 -1 -0.0959526822 1.10981564e-05 -0.995385885 -0.0959597975 1.21800003e-05 -0.99538523 -0.0958806053 1.04352021e-05 -0.995392859 -0.095872283 3.3972849e-06 -0.995393634 0.301474363 0.918209434 -0.256913573 -0.251332045 -0.936331749 -0.245183811 -0.254963845 0.00683191512 0.966926455 -0.108074255 0.0991208553 0.989189088 -0.253590763 0.00225349213 0.967308998 0.0348763764 0.970104814 -0.240167186 0.029925663 0.99706167 0.0705160573 0.0353937522 0.955767334 -0.291986525 0.974609911 0.142540321 -0.172678366 0.252530336 -0.0173529834 -0.967433333 0.203263149 0.0751481131 -0.976236045 0.17257449 -0.00709924055 -0.984970868 -0.260930777 0.0310436934 0.964858234 -0.127283484 0.100427791 0.98676908 -0.239759043 0.110588878 0.964513183 0.0330041423 0.996222019 -0.0803268924 0.0385602713 0.994943082 -0.0927435011 0.0433952808 0.999053836 0.00287501165 0.0261931363 0.99965483 -0.00203332864 0.127076522 -0.968423188 -0.214494929 0.197844714 -0.389269948 -0.899625719 0.128207937 -0.954122603 -0.270578682 -0.126438051 0.174835622 0.976445556 -0.265582025 -0.110726707 0.957708597 -0.17670393 -0.0568050221 0.982623458 0.27440089 0.0455036312 -0.960538149 0.278511107 0.21576193 -0.93588376 -0.262342215 -0.0430775918 0.964012921 -0.258742094 -0.00452805869 0.965935826 0.23672533 0.230190232 -0.943913996 0.101222187 -0.00119318801 -0.994863153 0.0755956993 0.627417207 -0.775005102 0.171578407 0.0966927633 -0.980413854 0.973654568 7.39020761e-05 0.228028089 0.956528783 -0.0113388458 0.29141745 0.95881021 -0.0099707935 0.283872545 0.975336969 0.0013786027 0.220716804 0.145268574 0.973151922 0.178528383 0.317974597 0.942611992 -0.101856932 -0.0230547488 0.0235201474 0.999457479 -0.118332922 0.501040041 0.857295871 0.0413726196 -0.996120632 0.0776659027 0.14575319 -0.96875602 -0.200668305 -0.000132096451 -0.999906778 0.0136541212 -0.0472921096 -0.442601979 0.895470202 -0.0232932623 -0.0277849175 0.999342501 -0.112133056 -0.414784163 0.902984083 -0.0560457855 -0.179745689 0.982115269 0.0109917168 -0.99944216 -0.0315356888 -0.0269186478 -0.986563325 -0.161146566 -0.0647074431 -0.986838639 -0.148197144 0.0185181815 -0.984151959 -0.176357448 0.110203236 -0.00537379412 -0.993894517 0.00136494252 -0.0118492525 0.999928892 0.00536341826 -0.0189030208 0.999806941 0.277298272 -0.95920229 0.0551058911 0.231150687 -0.969718158 0.0788419172 0.361196101 -0.932489872 -0.000186635909 0.0111560067 -0.0132282749 -0.999850273 0.106217571 0.0599447079 -0.992534339 0.0134700434 0.0301786326 -0.999453783 0.0195267759 0.18274954 -0.982965589 0.0336794332 -0.045754727 -0.998384774 -0.0443929732 -0.0986791551 -0.994128585 0.074642092 -0.0109072141 -0.997150719 -0.0193633568 0.181815639 0.983141959 0.00228530681 0.0144666275 0.999892712 0.258515239 0.965996861 0.00446022069 0.150704205 0.986357272 0.066239126 -0.003621588 0.00248766737 0.999990344 0.00308842445 0.99979198 0.0201593954 0.00172026444 0.999951661 0.00967964903 -0.999695957 0.00065139588 0.0246479902 -0.99971813 0.000569668307 0.0237343628 -0.999955714 -0.00071359711 0.00938691758 -0.00300533348 -0.00251052692 0.999992311 0.00336175854 -0.999990344 0.00283847912 0.00360947149 -0.999982178 0.00475995801 -0.000795771717 -0.00113451772 -0.999999046 -0.00024956846 -0.000566197734 -0.999999821 -0.000898415805 -0.00101578503 -0.999999106 -0.99996382 -0.000795409956 0.00847209152 0.0284766648 0.990205944 0.136679634 0.259158045 -0.00413344707 -0.965826094 0.183804348 -0.132358849 -0.974010825 -0.0582884066 0.356212795 0.932585061 0.0362497531 -0.997994065 -0.0519014522 0.0329545327 -0.998370886 -0.0465780571 0.0180709623 -0.999454081 -0.0276582818 0.0167619586 0.97749567 -0.21028848 0.0380268544 0.974954724 -0.219128296 -0.108794242 -0.985161304 -0.132744312 0.04292918 0.362042099 -0.931172729 0.127742469 -0.990857005 0.0434074998 0.795984685 0.326735198 -0.509561121 0.959242284 0.10858234 -0.260890901 0.954836011 0.295335501 -0.0326356813 0.73584801 0.535830498 0.414021045 0.895721793 0.183656275 0.404910862 0.938967049 -0.0900039151 0.332024336 0.997197807 0.0407733656 0.0627218559 0.612946808 0.776976883 -0.143538058 0.713628471 0.492478579 -0.498196006 0.658942342 0.717640936 0.225358471 0.51061058 0.741729021 -0.434873372 -0.25530526 0.00554739172 0.966844559 -0.25812462 0.00190407247 0.966109753 -0.249930561 0.00982573535 0.968213916 0.273039371 0.0118669048 -0.961929679 0.371810496 0.0744046122 -0.925322056 0.264251381 0.00372356316 -0.964446664 0.177507684 0.888929665 0.422250003 -0.253603458 0.0195995048 0.96710968 0.36944133 0.81699717 -0.442751348 -0.0322498642 0.999063253 -0.0288549438 0.0549336374 0.977073491 0.205693066 -0.42614308 0.831626475 0.356089115 0.24577643 0.0175433047 -0.969167769 0.245647714 0.000322428037 -0.9693591 -0.250014126 0.00494824443 0.968229532 0.409228057 -0.737763584 0.536877394 -0.19272548 -0.0451221354 0.980214715 0.955039561 -0.284949303 -0.0818736777 0.805411994 -0.483608931 0.342686325 0.914468467 -0.169327736 -0.367526293 0.392126352 -0.919217587 -0.0357212834 0.188630432 -0.965055525 0.181896508 0.5537256 -0.810128272 0.192562208 -0.0281104259 -0.714585125 -0.698983431 0.259829819 -0.00274251867 -0.965650558 0.262392879 -0.0199000258 -0.964755893 0.828822494 -0.55780226 0.0437023938 0.723867655 -0.670525372 -0.162515596 0.259446055 -0.00057937071 -0.96575743 0.266059816 -0.00451032491 -0.963945985 0.19232966 -0.943964541 -0.268216759 0.0532084852 -0.988288045 -0.143023223 -0.439531118 -0.493030936 -0.750821471 -0.256997049 -0.00520968065 0.96639812 -0.266956508 0.00549528282 0.963692904 -0.179376915 -0.979371309 -0.0930360258 -0.636805892 0.667902648 -0.385206759 -0.742533088 0.618810594 -0.256355464 -0.654560566 0.702385247 -0.279652238 -0.473259568 0.870280385 -0.136518791 0.199544668 0.0482209548 -0.978701532 0.297224164 -0.0124064935 -0.954727113 -0.215242788 0.956103146 -0.198839918 0.178049609 0.0285787825 -0.983606398 -0.259196401 -0.000101362173 0.965824604 0.0395774245 -0.0609945804 0.997353137 -0.259406954 -0.000212115221 0.965768099 -0.663511455 0.529703319 -0.528362572 0.0829767734 0.957185864 0.277326643 -0.0701588392 0.997520387 0.00555345276 -0.202984199 0.758872628 -0.618797004 -0.138019785 -0.00827379152 -0.99039489 -0.131437436 -0.00340482965 -0.991318643 -0.52717042 0.844019115 -0.0986056998 -0.397899717 0.00120801467 0.917428136 -0.19771789 -0.756543934 -0.623336911 -0.730525851 0.588104188 0.347081393 -0.699313641 0.158113822 -0.697108626 -0.255704284 -0.00414142758 0.966746151 -0.568012297 -0.768009126 -0.295844674 -0.510211349 -0.834586799 -0.207724005 -0.553138912 -0.674194038 -0.489387155 -0.753233254 -0.602565825 -0.263731003 -0.547039211 -0.805947959 -0.226265311 -0.320653528 -0.937038481 -0.138348162 -0.727665126 -0.186877683 -0.659984946 -0.69957602 -0.605210721 0.379886061 -0.186544031 0.041487366 0.981570244 0.259690404 0.00932721328 -0.965646863 0.258916587 0.135369211 -0.956366777 -0.755568862 0.654426157 -0.0290184002 0.640401661 -0.167418376 0.749571085 -0.137541741 -0.00148348929 0.990494847 -0.257936358 -0.000128298096 0.966161907 0.00796437636 0.0535482652 0.998533487 0.588077426 0.156625494 0.793494403 0.919791579 -0.00823276863 -0.392320871 0.105045058 -0.0514746308 -0.993134379 -0.0833402351 -0.988348067 0.127367482 -0.259502888 0.00104496873 0.965741754 -1.5236343e-06 1.75344587e-06 1 -9.12320502e-06 -1.00647294e-05 1 -1.10568153e-05 1.05647805e-05 1 -0.468631893 0.492810339 -0.733159006 -0.628651202 0.72597605 -0.27884838 -0.166504741 0.956793249 -0.238375366 0.218053788 0.945572674 -0.241546899 0.436236441 0.855006874 -0.280465722 0.113882691 0.966858625 -0.228506237 0.939089417 -0.234982848 -0.25078702 0.958216727 -0.153313532 -0.241486296 0.677304745 -0.675378025 -0.29175815 -0.0957800671 2.86361355e-05 -0.995402515 -0.0957931578 1.3396068e-06 -0.995401263 -0.0958344489 5.08948415e-06 -0.99539727 0.706374943 0.644639015 -0.29236111 0.285038531 0.923724651 -0.255901903 0.681803524 0.672798932 -0.287203014 0.950860083 0.187197804 -0.246621385 0.927076936 0.274513751 -0.255285323 0.239634916 0.937903166 -0.250824243 -0.171327606 0.955271661 -0.241045386 -0.471518397 0.491460115 -0.732213974 -0.291076988 0.92277503 -0.252508312 -0.9443205 -0.219560266 -0.245055169 -0.684805393 -0.163225964 -0.710210443 -0.767516911 -0.573031962 -0.287318885 -0.472652018 -0.49042654 -0.732176125 0.602840424 -0.747022986 -0.280249923 0.235249966 -0.938974619 -0.250966489 0.209821954 -0.946834564 -0.243883237 -0.603381157 -0.736003995 -0.306967944 -0.589823008 -0.749359548 -0.300946981 -0.169575199 -0.956202149 -0.238582745 -0.904439747 0.337978214 -0.260306597 -0.720895648 0.633511305 -0.281021267 0.290142924 -0.921895146 -0.256761312 0.725273371 -0.625450313 -0.287733287 0.717698812 -0.634444416 -0.287034303 -0.945660233 0.215659544 -0.243346736 -0.764586091 0.573919535 -0.293299228 -0.682857811 0.16814898 -0.710936785 0.953103542 -0.181888714 -0.241888672 0.94251585 -0.222704127 -0.249132022 0.630802929 0.723382235 -0.280723661 0.959672451 0.142427549 -0.242369905 0.749285579 0.595086515 -0.290591121 -1.85139452e-05 2.01994008e-05 1 4.25888447e-06 2.71850695e-06 1 1.23507346e-06 2.25782333e-06 1 4.53177699e-06 4.81217785e-06 1 -7.22038351e-07 1.98468297e-06 1 -1.33171682e-06 -3.54080242e-07 1 0 2.76156106e-06 1 -5.53551786e-07 -1.23089009e-07 1 1.38198993e-06 -1.40028772e-06 1 -1.40591019e-05 -1.76979102e-05 1 4.05132778e-06 -1.98970361e-06 1 -0.000184144053 -0.000151394081 1 3.77446804e-06 1.07729228e-07 1 -3.54582266e-06 7.39563393e-06 1 -0.000220902468 0.000179388022 0.99999994 0 6.15365138e-07 -1 4.0693461e-08 2.80964883e-07 -1 1.90892507e-07 2.9359893e-07 -1 1.1240802e-06 6.7592957e-08 -1 1.54169209e-06 5.82037032e-08 -1 2.04813546e-06 3.65699542e-08 -1 7.85067073e-07 1.14658974e-07 -1 2.69418479e-07 1.65262193e-07 -1 -0.0958854854 2.79381093e-05 -0.995392382 -0.0958432034 -9.66372954e-06 -0.995396435 -0.0958904177 -1.48126646e-05 -0.995391905 -0.0958001018 -5.69889244e-06 -0.995400608 -0.0957680494 -4.07707057e-06 -0.995403707 -0.0958299115 6.70472855e-06 -0.995397747 -0.095862411 8.07531833e-05 -0.995394588 -0.369869262 -0.544745028 -0.752628446 -0.686596572 -0.114680767 -0.717936933 -0.562944233 -0.372725964 -0.73767817 -0.0958888158 -0.000139185431 -0.995392025 -0.0958362743 -4.61972486e-05 -0.995397091 -0.67050451 -0.68618089 -0.282098264 0.94665885 0.207006082 -0.246952385 -0.0957573727 -1.02372987e-05 -0.99540472 -0.0958344936 8.49599746e-06 -0.99539727 -0.0958773866 0.000110101573 -0.995393157 -0.0958877131 -2.00430331e-05 -0.995392144 -0.683977604 0.166309312 -0.710292757 -0.095879361 2.38133762e-05 -0.995392978 -0.942829788 0.225382805 -0.245508939 -0.89117682 -0.359452307 -0.27676335 0.249826089 -0.934855103 -0.252255589 -0.263901114 -0.931764185 -0.249342456 -0.144327223 -0.961072862 -0.235602677 -0.927140832 -0.277967036 -0.251285017 -0.993462205 -0.100883208 0.0534363091 -0.99837023 -0.0310138166 0.0479065701 -0.999790192 0.00926886033 0.0182664637 -0.999895394 0.014223 0.00263313903 -0.99983418 0.0103238402 -0.0150005734 -0.999090612 -0.00677445671 -0.0420951098 0.745861769 -0.621759474 -0.238967404 0.998677075 -0.0313929915 -0.0407255515 0.993175685 -0.109804519 -0.0393066965 0.999862134 0.00997283868 -0.0132744005 0.999892056 0.0144982506 0.0023898941 0.999703944 0.0089034522 0.0226444714 0.998198926 -0.0144951586 0.0582128391 -0.775918424 -0.556895137 0.296341658 -0.193491548 0.86493206 0.463091314 -0.604946136 0.318903953 0.729616642 -0.222010449 -0.240912452 0.94481349 -0.734782994 0.674111247 0.0752857327 -0.846123278 -0.263974041 0.463026047 -0.401232481 -0.452028841 0.796669602 -0.138928428 0.988271415 0.0633913651 0.429487973 -0.901760757 0.0486581363 0.948764443 -0.315534741 0.0168468449 0.948605061 -0.315968752 0.017668996 0.999997675 -0.00210179971 0.000417023868 0.968616605 0.0995553806 -0.22775127 0.89430809 0.180651248 -0.409363151 0.999998629 -0.000872284814 0.00140589813 0.368129551 0.379309893 -0.848884344 -0.551338494 -0.398768842 -0.732809186 -0.618753016 -0.337017328 -0.709622502 -0.59219408 -0.362314224 -0.719746232 -0.476073205 -0.459190369 -0.749999046 0.999843538 0.00703489361 -0.0162281953 0.999307573 -0.0352189839 0.0119991843 0.999470532 0.00650332356 -0.0318799242 -0.999551356 -0.0279340874 -0.0108082443 -0.998336017 0.0386930332 0.0427560881 -0.999849141 0.00816087611 -0.0153310774 -0.997861326 0.0310540777 0.0575187728 -0.917779505 0.169206545 0.359235168 0.987330973 -0.105235949 0.118756019 0.984672844 -0.118015558 0.128420204 0.998175442 -0.0003329014 -0.0603797697 0.999966264 -0.00628385972 0.005286464 0.99833113 0.0406083204 -0.0410599113 -0.998143017 -0.0523211882 -0.0311932322 -0.98107034 -0.188499287 -0.0443738475 -0.998100877 0.0563302338 -0.0249302872 0.962417603 -0.0034406276 0.271551967 0.95079124 -0.0335037261 0.308015466 0.889950454 0.0100487368 0.455946505 0.506512761 -0.860917389 0.0476034023 0.070730865 -0.995987833 0.0548214056 -0.253496915 -0.965882778 0.0530077256 -0.0720565841 0.996223688 0.0484380834 -0.0717395991 0.996263444 0.048089318 -0.0787837505 0.99572885 0.0481376164 0.757434964 0.417311281 -0.502139032 -0.830296874 0.212029099 0.515413225 -0.853055716 0.215038508 0.475451767 -0.700065911 0.544965088 0.46143344 0.286568493 0.0760478452 0.955036759 -0.582478464 0.721002996 0.375331163 -0.871111989 0.217711121 0.440188318 -0.859403133 0.428129852 0.27951932 -0.665405929 0.736319244 0.122755669 0.427883327 -0.539172351 -0.725402653 -0.227313325 -0.686765075 -0.690421939 0.409760296 -0.380181551 -0.829191506 0.0456086174 0.234708026 0.970995367 0.0462906584 0.269349635 0.961929262 0.112226039 0.0793780163 0.990507185 -0.85530442 0.217255399 0.470376849 0.0296437033 -0.341401339 -0.939450026 0.321786612 -0.791992188 -0.518846512 0.487506926 -0.816704452 -0.308757007 0.00729701016 -0.994780719 0.101774648 -0.208542913 -0.977870822 -0.0166877471 0.243984431 -0.94336468 0.224799305 0.936094999 -0.248619869 0.248825938 -0.67401284 0.735529006 -0.0685844347 -0.675972462 -0.0699267983 -0.733601749 -0.824681282 -0.322173744 -0.464870751 -0.806399167 -0.277887821 -0.522014141 -0.0394003503 0.998545527 -0.036802277 -0.149758473 0.94534272 -0.289654285 -0.0669426396 0.99312526 -0.096025385 -0.0527094342 0.991711259 -0.117177375 -0.261616617 0.813011348 -0.520162761 -0.307781339 0.951442063 0.00534782093 -0.156988114 -0.799200892 -0.580200493 -0.464289039 -0.871852517 -0.155912891 -0.348836452 -0.770007312 -0.534230232 -0.413483739 0.910503447 0.00383575377 -0.482332379 -0.874678791 0.0478795245 -0.113423474 0.991915524 0.0569100566 0.363212943 -0.700639546 -0.614150345 0.517421484 -0.413354367 -0.749275088 0.15281935 0.0774292275 0.9852162 -0.121634752 0.990814686 0.0590862967 -0.283625543 -0.827765703 0.484107971 -0.215540349 -0.22099413 0.951159239 -0.268914521 -0.555443525 0.78687191 0.963216305 -0.0106970342 0.268514246 0.955576122 -0.053928934 0.289768815 0.941969156 -0.110944211 0.316836745 -0.517935395 -0.827783287 -0.215679735 -0.435902536 -0.668074131 -0.603047192 -0.151089132 0.0685463771 0.986140668 0.968810737 0.0351338983 0.24529852 -0.0322259665 0.996458292 -0.0776682124 0.251160562 0.104439855 0.962294519 -0.851740718 -0.472898722 -0.225620404 0.374616981 0.132575318 0.917652369 -0.122545339 -0.357406437 -0.925874352 0.119807348 -0.101650819 -0.987579525 -0.237563297 0.0414416045 0.970487654 0.335234612 -0.902567387 0.270166397 -0.792874634 -0.338637441 0.50663048 -0.366317719 -0.894552648 -0.256099463 -0.767587781 -0.28714633 0.573023498 0.531837225 -0.813205063 -0.23631902 0.0444192328 -0.984847724 0.167636275 0.530282497 0.816187501 0.22943072 0.536203802 0.843126774 0.0402830169 0.639153659 0.67269814 0.372773051 0.819229305 -0.0261166915 -0.572871089 0.478873223 0.337193042 0.810543835 0.56789273 0.606642067 -0.556312263 0.883853495 0.428475648 0.187647685 0.102309152 0.979136944 -0.175566658 0.267518938 0.508288741 0.81858182 0.756590128 -0.119722277 -0.642835915 0.193072572 -0.213538289 0.957666099 0.271155775 -0.583096862 -0.76581502 -0.315546185 -0.409334898 0.856081486 -0.15493615 -0.187732041 -0.969923437 -0.151128665 -0.185320869 -0.97098726 -0.201100782 -0.216812208 -0.955275297 -0.67404139 0.738124669 0.0289864317 -0.649002254 0.744527459 0.15644452 -0.875435054 0.188910723 -0.444888949 -0.320726544 0.937391281 0.135764912 -0.54662025 0.754732728 0.362746179 -0.996418715 0.0813968927 0.022896219 -0.592645645 0.3205612 -0.738926053 -0.974738896 0.148165062 -0.167126432 -0.649343967 -0.719379306 -0.246669352 -0.643804312 -0.712873578 -0.278077841 -0.839158297 -0.370877475 -0.397823095 -0.403972685 -0.866782308 -0.2923944 0.438542634 0.805667758 0.398220897 0.956777215 0.248974904 0.150296047 0.568426311 -0.821401715 0.046805039 0.657965779 -0.726685584 0.197507173 0.140314981 -0.986504138 -0.0843874812 -0.62632066 0.75302285 0.201690391 -0.842159808 0.339992225 -0.41853565 0.15025501 0.981559634 -0.118169948 -0.792216778 0.443794489 -0.418854475 -0.820895493 -0.00499459449 -0.571056604 -0.577367425 0.0818986297 -0.812366605 -0.598201871 0.142629489 -0.788550138 -0.215402126 -0.126366064 -0.968314826 -0.305593044 -0.0741252229 0.949272513 -0.418808341 -0.786094666 -0.454592973 0.429405779 -0.903106749 -0.00298095332 -0.363483548 -0.931330383 0.0224359557 -0.854739189 0.169940621 -0.490449876 -0.875836968 0.124114528 -0.466374516 0.980916202 0.189694941 0.0426528864 0.962754905 -0.218061104 -0.159851044 0.654752553 0.64086163 0.400743723 -0.514605343 0.154988587 0.843302965 -0.0728538036 0.405983269 -0.91097194 -0.315027028 0.420111567 0.851037145 -0.225529775 -0.232082561 -0.946189225 0.565976202 -0.180963263 0.804315388 0.609254837 -0.175569609 0.773294151 0.589235961 -0.798137784 0.12560679 -0.777467251 -0.19587712 -0.59764272 0.474301487 0.75653863 -0.450208247 0.27837202 0.813148022 -0.5111745 0.966614425 0.25055027 -0.0536761768 0.992922843 0.110713094 0.0429745354 0.503445745 -0.777095735 0.377709657 -0.488756299 0.335261464 -0.805429697 -0.801788688 0.0407162234 -0.596219003 0.99852699 -0.0373875797 -0.0393199362 0.967963636 0.225677162 -0.11007347 0.993038356 0.0913157836 -0.0744058564 0.280817866 0.937825263 0.204022229 -0.244409055 0.0121269319 0.969596386 0.940702915 0.312279671 -0.13251178 -0.0461709835 0.952765882 -0.300175667 -0.260340571 -0.960674942 -0.09657377 -0.578158438 0.132982597 -0.80501461 -0.202741534 0.196628585 -0.959287763 -0.823805094 0.112683937 -0.555560589 -0.903944969 -0.0550336875 -0.424092829 -0.883029759 -0.113561854 -0.455370337 -0.00198335038 0.999452353 0.0330312401 0.982209384 -0.159016088 0.0998928621 0.985674739 0.163360387 -0.0419373475 -0.40260756 0.114964984 0.908124566 0.668628812 -0.690262675 0.276537389 0.847241521 -0.499702334 -0.1802205 0.85892117 -0.414962977 -0.300100327 0.837634027 -0.326081306 0.438223988 0.690083921 -0.255824059 0.677006841 0.830840111 -0.483837306 0.274965703 0.126365691 0.746410787 -0.653377891 -0.0382716097 0.823650479 -0.565804899 -0.111069627 0.993332744 -0.0308802556 0.62832278 -0.777908862 -0.00826318469 -0.628655851 0.77755177 -0.0143215032 -0.555781722 0.831315339 -0.00463921437 -0.294116527 0.955453157 -0.0245916359 -0.386490643 0.917564332 0.0932776257 -0.340490341 0.9347803 0.101252936 0.0199449975 -0.997727871 0.064353101 -0.0178217627 -0.999037623 0.0400782153 -0.0342121869 -0.998978794 0.0295107719 -0.708522141 0.0523700863 0.703742683 -0.937036514 -0.230535775 0.26232779 -0.0331385471 0.295207947 0.954858184 0.354183465 0.268008143 -0.895949602 0.406987756 0.218752459 -0.886853039 0.165365353 -0.0564751625 0.984614074 0.00228326907 -0.0357688516 0.999357462 -0.947482407 -0.319475174 -0.0145832021 0.361116618 0.778026879 -0.514070928 0.437471449 0.64713788 -0.624364734 0.179998577 0.950522602 -0.253194183 -0.246991619 0.965972781 -0.0767573044 0.802476346 -0.178097621 0.56948483 0.993928671 0.0940477103 -0.0571031682 0.903457701 -0.314750552 0.291026175 0.914897263 0.148555756 -0.37535882 0.880792797 0.172546357 -0.440944165 -0.226325184 -0.109614238 0.967864454 0.0326400027 -0.839244604 -0.542773545 0.0412798859 -0.861385643 -0.506271422 -0.435850471 -0.314928025 -0.843122005 -0.981282175 -0.167707309 -0.0946548507 -0.980657935 -0.0103221657 -0.195456997 -0.767714024 0.103514478 -0.632376432 -0.630806446 -0.34372437 -0.695655644 -0.812390804 -0.443719417 -0.378330886 0.8238796 0.434019566 0.364485234 0.912207961 0.306721449 0.271658897 0.596325994 0.199745327 0.777494133 -0.565284073 -0.817264378 -0.111950018 -0.274935246 -0.168607682 0.946563303 -0.292222977 -0.168872818 0.941322327 0.0271671489 -0.747435212 0.663778961 0.0802282766 0.814088821 0.575172007 0.215745389 0.96674633 0.137315273 0.134646952 -0.980096042 0.145883426 0.124101661 -0.976714253 0.17500861 -0.841989934 -0.506966352 -0.184493944 -0.910854638 -0.361817777 -0.198574215 0.0464064479 0.997045577 -0.0612089261 -0.0671063364 -0.997711778 0.00824351422 -0.0497521684 0.785051882 0.61742878 0.589186788 0.286322266 -0.755564988 -0.581338525 0.075358972 -0.810164511 -0.289650589 0.905055702 -0.311410755 -0.0537429638 0.998436868 -0.0153456964 -0.245726496 0.54744941 -0.799948514 0.317671716 -0.259612471 0.911968231 -0.117541701 0.236202985 -0.964568377 0.0024910022 0.138225436 -0.990397632 -0.171935156 0.810034871 0.560608447 -0.760039508 0.649721384 0.0142171038 -0.450666815 0.0602678545 0.890655518 0.177309617 -0.019445803 -0.983963013 0.163879648 -0.00363147818 -0.98647368 0.182884112 -0.0138404211 -0.983037055 -0.84221071 -0.425970912 -0.33049947 -0.710430384 -0.393471926 -0.583496749 -0.688107967 0.109131165 -0.717354715 -0.913676083 0.117401332 -0.389118224 0.825935125 -0.295414567 -0.480168134 0.960277259 0.157288566 -0.230495006 0.740732789 -0.472191185 -0.477860302 0.522745788 0.0923534259 -0.847471356 0.669323862 -0.609538555 0.424815595 0.80414176 -0.481538475 -0.34853512 0.944969594 0.313793927 0.0925519764 -0.151605159 -0.800677598 0.579595804 0.0383729972 -0.554775178 -0.831114888 0.741876364 0.0886378065 0.664652407 0.58160764 -0.568386734 0.58195281 0.357821703 -0.0236467831 -0.933490455 -0.0142848147 0.239853457 -0.970704019 0.494457334 0.0242874473 -0.86886251 0.706048429 -0.234536573 -0.668197751 0.373091161 0.025410777 -0.927446663 0.776462376 0.432357699 -0.458446294 0.218834922 -0.0541078299 -0.974260569 0.773520648 -0.436584532 -0.459412366 -0.442045689 -0.457243383 -0.771702111 0.22188504 -0.222122312 -0.949436009 -0.577976048 -0.77856642 0.244495392 -0.5686059 -0.20749642 0.796010435 0.178692594 0.00676160865 -0.983881712 -0.0410284698 0.123711899 -0.991469622 -0.208810687 0.220158145 -0.952852786 -0.229360893 0.102977097 -0.967878759 0.122323729 0.00586757949 -0.992472887 -0.114680022 0.113401875 -0.986908555 0.834398329 0.511885762 -0.20433411 0.214480072 0.5186463 -0.827649891 -0.618086278 0.520403147 -0.589194298 0.709872425 0.650358677 0.270397246 0.120251067 0.0165518392 -0.992605507 0.197010979 -0.0140312072 -0.980300844 -0.820366979 -0.42353949 -0.384203523 0.310885489 0.0209899209 -0.950215578 0.339037031 0.0187971573 -0.940585196 0.921635151 0.345709741 0.176276401 -0.260628283 -0.942121983 -0.210900635 -0.927043378 0.0831495151 -0.365618318 -0.738693058 0.0645393133 -0.670945048</float_array>
          <technique_common>
            <accessor source="#normals_array" count="1137" stride="3">
              <param name="X" type="float" />
              <param name="Y" type="float" />
              <param name="Z" type="float" />
            </accessor>
          </technique_common>
        </source>
        <vertices id="vertices">
          <input semantic="POSITION" source="#positions" />
        </vertices>
        <triangles material="qmat_103403739752e509" count="158">
          <input semantic="VERTEX" source="#vertices" offset="0" />
          <input semantic="NORMAL" source="#normals" offset="1" />
          <p>588 860 589 861 590 862 591 863 592 864 593 865 592 866 591 867 594 868 595 869 591 869 593 869 594 870 596 871 597 872 594 873 588 860 590 862 594 870 597 872 588 874 598 875 599 876 600 877 596 878 601 879 602 880 598 881 595 882 603 883 598 875 602 884 599 876 604 885 602 886 598 887 605 888 606 889 607 890 604 891 608 891 609 891 608 892 604 892 610 892 603 893 609 894 610 895 605 896 603 897 606 898 606 898 602 899 607 900 597 872 589 901 588 874 590 902 589 903 597 904 611 905 600 877 599 876 592 864 594 906 593 865 594 868 591 867 595 907 596 878 595 908 593 909 593 910 594 873 590 862 596 878 593 909 590 902 596 878 590 902 597 904 598 911 594 868 595 907 594 912 598 913 596 914 601 915 600 916 611 917 601 879 611 918 599 919 601 920 596 914 598 913 601 915 598 921 600 916 599 919 602 880 601 879 603 897 595 922 602 899 602 880 595 908 596 878 598 881 603 883 604 923 608 924 610 895 609 894 604 923 603 883 610 925 602 886 604 885 607 926 607 926 604 885 609 927 606 898 603 897 602 899 603 928 607 928 609 928 603 929 605 888 607 890 612 930 613 931 614 932 615 933 613 931 616 934 617 935 618 936 619 937 617 938 612 938 620 938 620 939 621 939 617 939 622 940 623 941 624 942 625 943 623 943 622 943 625 944 615 944 623 944 626 945 615 945 625 945 626 946 613 946 615 946 617 947 613 947 626 947 621 948 614 949 613 950 627 951 628 952 629 953 628 952 626 954 630 955 631 956 630 957 625 958 625 959 632 960 633 961 625 959 633 961 631 962 632 963 623 941 631 964 634 965 635 966 636 967 635 968 614 969 624 942 626 954 627 951 616 970 614 969 620 971 612 972 619 973 637 974 612 975 637 976 618 976 612 976 612 930 618 977 613 931 618 977 616 934 613 931 616 934 627 978 615 933 618 936 617 935 626 954 618 936 626 954 616 970 638 979 618 979 637 979 638 980 637 974 619 973 619 973 639 981 638 980 618 936 639 982 619 937 639 982 618 936 638 983 619 937 612 984 617 935 634 985 614 985 621 985 624 986 614 986 634 986 622 987 624 987 634 987 617 988 621 948 613 950 623 941 615 989 630 990 627 978 630 991 615 933 640 992 627 951 629 953 628 993 630 994 640 995 629 996 628 993 640 995 627 978 640 997 630 991 630 957 626 998 625 958 633 961 632 960 641 999 641 1000 642 1001 633 1002 641 1003 632 1003 642 1003 631 1004 642 1004 632 1004 633 1002 642 1001 631 1005 632 963 624 942 623 941 632 963 636 1006 624 942 632 960 622 1007 636 967 636 1006 635 968 624 942 625 959 622 1007 632 960 622 1007 634 965 636 967 643 1008 620 1009 644 1010 643 1008 644 1010 645 1011 646 1012 643 1008 645 1011 635 1013 645 1013 644 1013 635 966 646 1014 645 1015 644 1016 620 1016 635 1016 614 969 635 968 620 971 643 1017 634 965 620 1018 634 965 621 1019 620 1018 635 966 634 965 643 1017 635 966 643 1017 646 1014 630 990 631 964 623 941 626 954 628 952 627 951 647 1020 648 1021 649 1022 648 1023 650 1024 649 1025 651 1026 652 1026 653 1026 652 1027 654 1028 653 1029 654 1028 651 1030 655 1031 654 1032 655 1033 653 1034 655 1035 650 1036 656 1037 650 1024 648 1023 656 1038 648 1023 651 1039 656 1038 648 1021 655 1040 651 1041 647 1042 650 1036 655 1035 651 1043 653 1044 657 1045 658 1046 659 1046 660 1046 661 1047 659 1048 658 1049 659 1048 656 1050 657 1051 656 1037 662 1052 655 1035 657 1053 653 1054 663 1055 661 1056 660 1057 662 1058 661 1047 662 1052 656 1037 664 1059 663 1055 665 1060 666 1061 667 1062 668 1063 667 1064 669 1064 668 1064 669 1065 664 1066 670 1067 662 1068 657 1068 664 1068 665 1069 670 1069 664 1069 665 1070 663 1071 670 1067 654 1028 652 1027 651 1030 649 1072 650 1036 647 1042 648 1021 647 1020 655 1040 660 1057 661 1056 658 1073 657 1045 656 1074 651 1043 655 1033 662 1075 653 1034 664 1059 657 1053 663 1055 653 1076 662 1076 663 1076 660 1077 659 1048 657 1051 662 1058 660 1057 657 1078 659 1048 661 1047 656 1037 669 1079 667 1080 666 1081 662 1082 670 1067 663 1071 664 1083 666 1081 662 1084 669 1079 666 1081 664 1083 666 1061 668 1063 662 1082 662 1082 668 1063 670 1067 668 1063 669 1065 670 1067</p>
        </triangles>
        <triangles material="qmat_1163a26947310579" count="72">
          <input semantic="VERTEX" source="#vertices" offset="0" />
          <input semantic="NORMAL" source="#normals" offset="1" />
          <p>671 1085 672 1086 673 1087 674 1088 675 1089 676 1090 677 1091 678 1092 679 1093 679 1093 674 1094 677 1091 680 1095 681 1096 682 1097 681 1096 683 1098 682 1097 684 1099 685 1100 686 1101 687 1102 688 1103 685 1100 687 1102 684 1099 689 1104 689 1104 684 1099 690 1105 684 1106 691 1107 690 1108 692 1109 693 1110 694 1111 695 1112 694 1111 693 1110 696 1113 692 1109 682 1097 678 1092 697 1114 698 1115 699 1116 687 1102 700 1117 699 1118 676 1090 675 1089 672 1119 701 1120 673 1121 700 1122 676 1090 699 1118 688 1103 679 1093 702 1123 685 1100 683 1098 681 1096 688 1103 702 1123 683 1098 683 1098 702 1123 682 1097 703 1124 704 1125 671 1085 671 1085 705 1126 672 1086 705 1126 704 1125 697 1114 696 1113 698 1115 704 1125 703 1124 671 1085 695 1127 671 1085 689 1104 695 1127 673 1087 700 1117 687 1102 689 1104 671 1085 673 1087 687 1102 689 1104 673 1087 674 1088 676 1090 700 1122 700 1122 706 1128 677 1129 700 1122 701 1120 706 1128 700 1122 677 1129 674 1088 702 1123 679 1093 678 1092 678 1092 677 1091 706 1130 678 1092 706 1130 697 1114 682 1097 692 1109 680 1095 694 1111 690 1108 680 1095 707 1131 690 1108 686 1132 690 1108 691 1107 686 1132 690 1108 707 1131 680 1095 681 1096 680 1095 707 1133 682 1097 702 1123 698 1115 698 1115 702 1123 678 1092 681 1096 707 1133 686 1101 699 1116 708 1134 687 1102 708 1134 688 1103 687 1102 687 1102 685 1100 684 1099 689 1104 694 1111 695 1127 686 1132 691 1107 684 1106 689 1104 690 1108 694 1111 692 1109 694 1111 680 1095 695 1127 693 1110 692 1109 703 1124 695 1127 692 1109 698 1115 696 1113 682 1097 703 1124 692 1109 696 1113 696 1113 704 1125 703 1124 672 1086 705 1126 706 1130 697 1114 706 1130 705 1126 699 1135 674 1094 708 1136 699 1118 675 1089 674 1088 701 1120 700 1122 673 1121 706 1128 701 1120 672 1119 708 1136 674 1094 679 1093 679 1093 688 1103 708 1136 681 1096 686 1101 685 1100 685 1100 688 1103 683 1098 704 1125 705 1126 671 1085 704 1125 698 1115 697 1114</p>
        </triangles>
        <triangles material="qmat_497d0fc190a55310" count="96">
          <input semantic="VERTEX" source="#vertices" offset="0" />
          <input semantic="NORMAL" source="#normals" offset="1" />
          <p>17 20 16 19 21 24 42 45 44 47 46 50 74 80 76 83 75 81 215 267 224 268 226 269 144 168 220 261 218 259 227 270 228 271 229 272 221 262 230 273 231 274 226 269 214 255 229 272 232 275 216 257 220 261 242 285 244 287 246 289 238 281 244 287 242 285 222 263 239 282 247 290 222 263 248 291 240 283 249 292 250 293 251 294 253 296 254 297 255 298 276 321 277 322 278 323 279 324 280 325 281 326 275 320 282 327 283 328 277 336 290 336 278 336 289 335 286 332 285 331 274 319 284 329 282 327 275 320 274 319 282 327 299 345 292 338 294 340 299 346 294 340 300 347 303 351 304 352 288 334 299 345 300 347 305 353 300 347 303 351 305 353 310 358 311 359 312 360 313 361 317 365 318 366 313 361 257 300 314 362 237 280 314 362 257 300 319 367 315 363 316 364 315 363 319 367 320 368 321 369 322 370 323 371 324 372 320 368 322 370 334 384 335 385 336 386 336 386 326 374 334 384 338 388 341 392 327 375 350 403 349 402 291 337 351 404 348 401 292 338 292 338 348 401 293 339 352 405 355 408 346 399 354 413 360 413 361 413 346 399 355 408 359 412 42 45 40 43 44 47 78 85 75 81 77 84 223 264 215 256 226 269 220 261 216 257 218 259 231 274 236 279 235 278 231 274 230 273 236 279 229 272 228 271 234 277 232 275 219 260 228 271 229 272 214 255 227 270 226 269 224 268 214 255 219 260 232 275 220 261 228 437 219 437 234 437 238 281 245 288 244 287 238 281 221 262 245 288 249 292 256 299 253 296 260 303 239 282 243 286 260 303 247 290 239 282 249 292 251 294 256 299 253 296 259 302 249 292 259 302 253 296 255 298 283 328 273 318 275 320 283 328 276 321 273 318 272 442 283 442 282 442 289 335 296 342 298 344 289 335 298 344 286 332 281 326 280 325 287 333 284 329 274 319 280 325 286 332 303 351 288 334 289 335 299 345 305 353 303 351 300 347 304 352 304 352 300 347 294 340 313 361 318 366 258 301 258 301 257 300 313 361 312 360 311 359 320 368 319 367 322 370 320 368 316 364 321 369 323 371 342 394 326 374 327 375 328 376 324 372 312 360 324 372 310 358 312 360 335 447 326 447 336 447 343 395 337 387 367 448 367 448 335 385 343 395 338 449 337 449 341 449 337 387 344 396 341 392 291 337 352 405 350 403 301 348 291 337 349 402 350 403 352 405 346 399 353 406 354 407 361 443 293 339 353 406 361 443 354 407 359 412 360 454 346 399 359 412 347 400 347 400 359 412 354 407</p>
        </triangles>
        <triangles material="qmat_4b294f1aa1dfaafb" count="1019">
          <input semantic="VERTEX" source="#vertices" offset="0" />
          <input semantic="NORMAL" source="#normals" offset="1" />
          <p>0 0 1 1 2 2 3 3 4 4 5 5 6 6 3 3 0 0 9 10 10 11 4 12 15 18 16 19 17 20 15 18 18 21 2 2 19 22 20 23 10 11 9 10 19 22 10 11 22 25 23 26 24 27 25 28 26 29 27 30 24 27 23 26 28 31 24 27 28 31 18 21 29 32 19 22 30 33 31 34 32 35 33 36 30 33 0 0 28 31 19 22 6 6 30 33 34 37 29 32 33 36 29 32 34 37 19 22 32 35 35 38 20 23 27 30 36 39 37 40 36 39 38 41 39 42 40 43 22 25 41 44 40 43 42 45 43 46 41 44 15 18 44 47 44 47 15 18 17 20 41 44 18 21 15 18 22 48 40 43 45 49 40 43 47 51 48 52 17 20 21 24 46 50 48 52 47 51 49 53 50 54 51 55 52 56 53 57 54 58 55 59 54 58 56 60 55 59 57 61 58 62 59 63 4 4 60 64 61 65 62 66 63 67 14 17 64 68 50 54 52 56 50 54 64 68 61 65 61 65 64 68 65 69 66 70 53 57 61 65 53 57 55 59 61 65 67 71 68 72 69 73 20 23 69 74 70 75 70 75 71 76 54 58 72 77 73 78 74 79 51 55 74 80 75 81 72 82 74 80 51 55 56 60 72 82 55 59 75 81 76 83 77 84 78 85 77 84 79 86 1 1 3 3 80 87 81 88 80 87 3 3 82 89 7 8 83 90 16 19 84 91 85 92 80 87 81 88 84 91 8 9 7 8 82 89 86 93 85 92 87 94 87 95 84 96 88 97 11 98 89 99 88 97 84 96 81 100 88 97 86 93 87 94 90 101 92 104 93 105 94 106 95 107 96 108 93 105 97 109 90 110 98 111 46 50 21 24 42 45 99 112 42 45 100 113 43 46 47 51 40 43 47 51 99 112 101 114 101 114 100 113 102 115 100 113 90 101 102 115 42 45 86 93 100 113 42 45 85 92 86 93 65 69 64 68 88 116 89 103 65 69 88 116 57 61 103 117 104 118 7 8 105 119 83 90 83 120 105 120 91 120 63 67 61 65 89 103 52 56 57 61 64 68 90 110 106 121 98 111 104 118 103 117 106 122 103 117 98 123 106 122 88 97 104 124 90 110 95 125 107 126 108 127 103 117 109 128 98 123 95 125 97 109 107 126 110 129 107 130 98 123 96 131 95 125 108 127 111 132 110 129 109 128 93 105 96 108 108 133 112 134 113 135 107 130 93 105 108 133 94 106 59 63 79 86 57 61 79 86 77 84 114 136 49 53 115 137 38 41 101 114 113 135 115 137 79 86 116 138 103 117 115 137 112 134 117 139 116 138 111 132 109 128 77 84 118 140 117 139 77 84 117 139 114 136 112 134 110 129 111 132 29 32 119 141 33 36 31 34 33 36 119 141 27 30 37 40 120 142 23 143 25 28 121 144 120 142 37 40 122 145 123 146 120 142 124 147 125 148 23 26 121 149 120 142 122 145 126 150 127 151 120 142 126 150 128 152 124 147 127 151 119 141 129 153 130 154 131 155 124 147 128 152 125 148 132 156 129 153 121 144 123 146 131 155 125 148 129 153 119 141 133 157 127 151 126 150 132 156 125 148 134 158 133 157 126 150 135 159 136 160 137 161 138 162 134 158 139 163 132 156 140 164 141 165 142 166 139 163 140 164 142 166 143 167 144 168 141 165 144 168 142 166 141 165 137 161 136 160 145 169 145 169 136 170 146 171 147 172 148 173 149 174 146 171 147 172 149 174 148 173 135 159 150 175 149 174 151 176 152 177 128 152 133 157 148 173 136 170 138 162 146 171 129 153 153 178 130 154 137 161 154 179 147 172 139 163 155 180 132 156 156 181 128 152 148 173 154 179 131 155 156 181 138 162 137 161 147 172 157 182 158 183 159 184 155 180 157 182 160 185 157 182 159 184 160 185 153 178 161 186 162 187 163 188 146 171 164 189 165 190 166 191 167 192 166 193 163 188 167 194 168 195 169 196 163 188 168 195 163 188 164 189 167 192 169 197 170 198 171 199 172 200 67 71 68 201 71 76 69 74 122 145 39 42 173 202 56 60 174 203 175 204 56 60 71 76 174 203 171 199 176 205 172 200 177 206 178 207 174 203 178 208 179 209 174 210 130 154 180 211 71 76 181 212 135 159 126 150 182 213 179 209 183 214 180 211 184 215 177 206 178 208 185 216 183 214 151 217 150 175 186 218 187 219 188 220 150 175 149 174 148 173 151 217 186 218 188 220 189 221 152 177 151 176 186 222 130 154 162 187 190 223 130 154 190 223 180 211 187 219 181 212 191 224 188 220 192 225 193 226 162 187 161 186 190 223 190 223 184 215 180 211 188 220 193 226 189 221 189 221 193 226 194 227 195 228 190 223 161 186 186 222 189 229 194 230 177 206 196 231 197 232 198 233 199 234 192 225 197 232 199 235 198 236 200 237 201 238 199 235 183 214 185 216 192 225 197 232 202 239 200 237 194 227 193 226 203 240 204 241 205 242 206 243 203 240 199 234 205 242 207 244 152 245 208 246 206 247 209 248 204 249 152 245 210 250 208 246 152 177 204 241 210 251 204 241 211 252 210 251 157 182 212 253 158 183 159 184 158 183 161 186 144 168 213 254 142 166 214 255 215 256 216 257 139 163 217 258 155 180 139 163 142 166 217 258 213 254 218 259 215 256 219 260 220 261 144 168 213 254 217 258 142 166 221 262 222 263 223 264 214 265 224 265 215 265 213 254 225 266 217 258 214 255 216 257 232 275 233 276 232 275 228 271 229 272 234 277 235 278 230 273 226 269 236 279 214 255 233 276 227 270 233 276 228 271 227 270 235 278 166 191 237 280 236 279 229 272 235 278 222 263 238 281 239 282 240 283 241 284 213 254 222 263 240 283 223 264 239 282 242 285 243 286 238 281 242 285 239 282 244 287 245 288 231 274 244 287 235 278 246 289 221 262 231 274 245 288 213 254 252 295 225 266 251 294 247 290 256 299 257 300 255 298 237 280 258 301 259 302 257 300 247 290 260 303 253 296 253 296 260 303 254 297 260 303 243 286 254 297 168 304 164 305 261 306 262 307 169 197 263 308 170 198 169 197 262 307 166 191 264 309 265 310 164 305 207 244 266 311 265 310 170 198 267 312 268 313 195 228 269 314 161 186 269 314 195 228 202 239 270 315 200 237 270 315 271 316 201 238 201 238 272 317 199 235 184 215 270 315 202 239 273 318 274 319 275 320 282 327 284 329 279 324 279 324 281 326 206 247 282 327 279 324 206 247 272 317 282 327 205 330 269 314 271 316 268 313 285 331 286 332 280 325 287 333 288 334 281 326 289 335 285 331 274 319 276 321 291 337 277 322 292 338 293 339 294 340 271 316 295 341 201 238 296 342 297 343 298 344 291 337 301 348 277 322 277 322 301 348 290 349 290 349 301 348 299 345 288 334 302 350 206 247 289 335 305 353 296 342 206 247 306 354 209 248 307 355 308 356 204 249 252 295 309 357 158 183 313 361 314 362 315 363 315 363 311 359 313 361 315 363 314 362 316 364 325 373 317 365 241 284 326 374 322 370 327 375 324 372 322 370 326 374 328 376 320 368 324 372 309 377 266 378 329 379 330 380 331 381 266 378 241 284 330 380 332 382 332 382 330 380 333 383 330 380 309 357 333 383 337 387 338 388 339 389 339 390 340 391 266 378 339 389 338 388 340 393 342 394 337 387 326 374 343 395 326 374 337 387 342 394 327 375 344 396 263 308 168 304 261 306 266 311 207 244 208 246 158 183 329 397 269 314 269 314 329 397 345 398 346 399 347 400 348 401 294 340 293 339 304 352 349 402 350 403 346 399 299 345 351 404 292 338 301 348 349 402 299 345 295 341 352 405 291 337 348 401 353 406 293 339 347 400 354 407 353 406 356 409 357 410 352 405 355 408 358 411 359 412 295 341 356 409 352 405 329 397 362 414 345 398 204 249 363 415 211 416 358 417 308 418 302 419 363 420 364 421 365 422 3 3 9 10 4 12 9 10 3 3 6 6 4 12 10 11 60 64 0 0 3 3 1 1 15 18 1 1 16 19 80 87 16 19 1 1 5 7 13 16 12 15 2 2 1 1 15 18 9 10 6 6 19 22 2 2 18 21 0 0 26 29 22 48 45 49 22 48 26 29 23 143 23 143 26 29 25 28 28 31 23 26 29 32 41 44 22 25 24 27 41 44 24 27 18 21 29 32 30 33 28 31 32 35 31 34 171 199 33 36 32 35 34 37 34 37 20 23 19 22 0 0 30 33 6 6 18 21 28 31 0 0 20 23 34 37 32 35 32 35 171 199 35 38 36 39 49 53 38 41 40 43 41 44 44 47 27 30 26 29 48 52 45 49 40 43 48 52 26 29 45 49 48 52 46 50 44 47 17 20 36 39 48 52 49 53 27 30 48 52 36 39 50 54 55 59 51 55 53 57 66 70 54 58 10 11 70 75 66 70 52 56 58 62 57 61 10 11 20 23 70 75 60 64 66 70 61 65 13 423 5 5 62 66 50 54 61 65 55 59 60 64 10 11 66 70 66 70 70 75 54 58 35 38 67 71 69 73 35 38 171 199 67 71 67 71 172 200 68 72 54 58 71 76 56 60 70 75 69 74 71 76 20 23 35 38 69 73 73 78 175 424 39 42 72 82 56 60 175 204 72 77 175 424 73 78 55 59 72 82 51 55 37 40 36 39 39 42 118 140 73 78 38 41 38 41 115 137 118 140 39 42 38 41 73 78 58 62 75 81 78 85 79 86 59 63 78 85 59 63 58 62 78 85 73 78 118 140 76 425 77 84 76 425 118 140 51 55 75 81 58 62 52 56 51 55 58 62 74 79 73 78 76 425 81 88 3 3 11 13 16 19 80 87 84 91 8 426 82 89 91 427 90 110 87 95 88 97 85 92 84 91 87 94 88 97 81 100 11 98 92 104 95 107 93 105 100 113 86 93 90 101 97 109 98 111 107 126 102 115 90 101 97 428 95 107 102 115 97 428 92 104 101 114 102 115 92 104 102 115 95 107 21 24 16 19 85 92 43 46 42 45 99 112 42 45 21 24 85 92 47 51 43 46 99 112 101 114 99 112 100 113 49 53 47 51 101 114 101 114 92 104 113 135 64 68 57 61 88 116 57 61 79 86 103 117 88 116 57 61 104 118 61 65 65 69 89 103 91 427 82 89 83 90 106 121 90 110 104 124 107 130 110 129 112 134 109 128 110 129 98 123 94 106 108 133 107 130 94 106 107 130 113 135 116 138 79 86 114 136 49 53 101 114 115 137 103 117 116 138 109 128 113 135 92 104 94 106 118 140 115 137 117 139 115 137 113 135 112 134 116 138 112 134 111 132 117 139 112 134 116 138 117 139 116 138 114 136 29 32 125 148 119 141 25 28 27 30 120 142 121 144 25 28 123 146 123 146 25 28 120 142 29 32 23 26 125 148 31 34 119 141 171 199 127 151 124 147 120 142 119 141 130 154 176 429 131 155 123 146 124 147 134 430 121 144 131 155 134 158 125 148 121 149 140 164 134 158 141 165 143 431 141 432 154 179 143 431 154 179 137 161 154 179 141 432 134 430 140 164 139 163 134 158 154 179 134 430 131 155 219 260 163 433 234 277 163 188 143 431 145 169 145 169 143 431 137 161 148 173 133 157 135 159 164 189 149 174 152 177 164 189 146 171 149 174 138 162 147 172 146 171 129 153 132 156 160 185 147 172 156 181 148 173 156 181 131 155 128 152 128 152 127 151 133 157 147 172 154 179 156 181 160 185 153 178 129 153 132 156 155 180 160 185 160 185 159 184 153 178 153 178 159 184 161 186 163 188 145 169 146 171 234 277 163 433 166 191 263 308 169 197 168 304 167 194 163 188 169 196 207 434 164 189 152 177 173 202 39 42 175 424 68 72 172 200 176 205 182 213 122 145 173 202 122 145 37 40 39 42 175 424 174 210 173 202 171 199 119 141 176 205 126 150 122 145 182 213 68 201 176 429 71 76 179 209 182 213 173 202 71 76 177 206 174 203 174 210 179 209 173 202 71 76 176 429 130 154 71 76 180 211 177 206 182 213 181 212 126 150 181 212 182 213 183 214 179 209 178 208 183 214 178 207 177 206 185 435 177 206 197 232 185 435 150 175 188 220 186 218 187 219 191 224 188 220 151 217 148 173 150 175 152 177 186 222 203 240 135 159 187 219 150 175 188 220 191 224 192 225 192 225 191 224 183 214 177 206 184 215 196 231 181 212 187 219 135 159 191 224 181 212 183 214 130 154 153 178 162 187 195 228 184 215 190 223 185 216 198 233 192 225 185 435 197 232 198 236 196 231 184 215 202 239 196 231 202 239 197 232 197 232 200 237 199 235 186 222 194 230 203 240 193 226 192 225 199 234 205 330 282 327 206 247 204 241 203 240 205 242 203 240 193 226 199 234 152 177 203 240 204 241 209 248 306 354 366 436 209 248 366 436 204 249 161 186 158 183 269 314 157 182 217 258 212 253 217 258 225 266 212 253 155 180 217 258 157 182 144 168 143 167 219 260 216 257 215 256 218 259 144 168 218 259 213 254 223 264 230 273 221 262 215 256 223 264 213 254 230 273 223 264 226 269 235 278 234 277 166 191 236 279 226 269 229 272 214 255 232 275 233 276 219 260 143 167 163 433 225 266 158 183 212 253 243 286 242 285 246 289 243 286 246 289 237 438 246 439 235 439 237 439 244 287 231 274 235 278 221 262 238 281 222 263 223 264 240 283 213 254 325 373 251 294 250 293 325 373 248 291 251 294 222 263 251 294 248 291 251 294 222 263 247 290 213 254 332 382 252 295 254 297 243 286 237 438 240 283 248 291 241 284 257 300 259 302 255 298 258 301 249 292 259 302 249 292 258 301 250 293 256 299 247 290 253 296 340 393 237 280 166 191 255 440 254 440 237 440 166 191 165 190 264 309 264 309 165 190 167 192 264 309 167 192 170 198 267 312 170 198 262 307 340 393 166 191 265 310 265 310 264 309 170 198 195 228 268 313 270 315 200 237 270 315 201 238 273 318 290 349 289 335 273 318 278 323 290 349 201 238 276 321 272 317 272 317 276 321 283 328 184 215 195 228 270 315 270 315 268 313 271 316 276 321 278 323 273 318 279 441 284 441 280 441 199 235 272 317 205 330 274 319 285 331 280 325 280 325 286 332 287 333 281 326 288 334 206 247 290 349 299 345 289 335 273 318 289 335 274 319 287 333 286 332 288 334 304 352 361 443 288 334 297 444 305 444 303 444 304 352 293 339 361 443 288 334 361 443 302 350 276 321 295 341 291 337 201 238 295 341 276 321 296 342 305 353 297 343 298 344 297 343 303 351 298 344 303 351 286 332 211 416 365 445 210 250 210 250 365 445 364 446 206 247 302 350 306 354 306 354 307 355 366 436 366 436 307 355 204 249 158 183 309 357 329 397 225 266 252 295 158 183 316 364 237 280 321 369 317 365 311 359 310 358 250 293 318 366 317 365 250 293 317 365 325 373 213 254 241 284 332 382 321 369 237 280 340 393 316 364 314 362 237 280 320 368 311 359 315 363 313 361 311 359 317 365 250 293 258 301 318 366 328 376 312 360 320 368 323 371 319 367 316 364 317 365 335 385 241 284 310 358 326 374 335 385 310 358 335 385 317 365 327 375 322 370 321 369 326 374 310 358 324 372 338 388 321 369 340 393 327 375 321 369 338 388 325 373 241 284 248 291 322 370 319 367 323 371 330 380 266 378 309 377 241 284 331 381 330 380 241 284 335 385 331 381 367 448 331 381 335 385 332 382 333 383 252 295 252 295 333 383 309 357 331 381 367 448 337 387 334 384 343 395 335 385 337 387 339 389 331 381 331 381 339 390 266 378 342 394 344 396 337 387 343 395 334 384 326 374 341 392 344 396 327 375 340 393 265 310 267 312 261 306 164 305 266 311 340 391 262 450 266 378 340 391 267 451 262 450 262 450 261 452 266 378 262 450 263 453 261 452 271 316 269 314 345 398 271 316 345 398 295 341 348 401 347 400 353 406 351 404 346 399 348 401 306 354 302 350 307 355 299 345 346 399 351 404 349 402 346 399 299 345 361 443 360 454 302 350 355 408 352 405 357 410 266 378 208 455 358 417 329 379 266 378 358 417 355 408 357 410 358 411 345 398 362 414 295 341 356 409 362 414 357 410 295 341 362 414 356 409 329 379 358 417 362 456 362 456 358 417 357 457 360 454 358 411 302 350 359 412 358 411 360 454 210 250 364 446 208 246 307 355 302 350 308 356 358 417 363 420 308 418 358 417 208 455 363 420 204 249 308 356 363 415 363 415 365 445 211 416 363 420 208 455 364 421 368 458 369 459 370 460 371 461 372 462 373 463 374 464 375 465 376 466 371 461 373 463 376 466 377 467 376 466 378 468 379 469 380 470 377 467 380 470 379 469 381 471 381 471 382 472 383 473 384 474 385 475 386 476 387 477 384 474 388 478 387 477 388 478 389 479 387 477 389 479 390 480 375 465 391 481 390 480 392 482 386 476 393 483 392 482 394 484 395 485 396 486 397 487 398 488 399 489 378 468 396 486 385 475 400 490 393 483 382 472 400 490 385 475 401 491 402 492 403 493 370 460 369 459 403 493 387 477 390 494 368 495 374 496 373 497 404 498 404 498 368 495 390 494 368 495 370 460 402 492 402 492 405 499 368 495 368 495 405 499 387 477 391 500 374 496 390 494 372 501 404 498 373 497 390 494 374 496 404 498 402 492 401 491 405 499 401 491 384 474 405 499 385 502 401 503 371 504 369 505 406 506 401 503 401 503 406 506 371 504 371 504 377 507 385 502 385 502 377 507 383 508 383 508 382 509 385 502 401 503 403 510 369 505 377 507 380 511 383 508 404 512 406 513 369 459 369 459 368 458 404 512 371 461 406 513 372 462 406 513 404 512 372 462 374 464 391 481 375 465 378 514 376 515 375 516 396 517 378 514 375 516 397 518 396 517 375 516 397 518 375 516 407 519 408 520 397 518 407 519 408 520 407 519 389 521 395 522 408 520 388 523 408 520 389 521 388 523 386 524 395 522 384 525 395 522 388 523 384 525 373 463 374 464 376 466 377 467 371 461 376 466 399 489 379 469 378 468 379 469 377 467 378 468 383 473 380 470 381 471 379 526 399 527 398 528 398 528 394 484 381 529 392 482 393 483 394 484 394 484 393 483 400 490 400 490 381 529 394 484 398 528 381 529 379 526 400 490 382 472 381 471 384 474 401 491 385 475 387 477 405 499 384 474 407 530 390 480 389 479 407 530 375 465 390 480 385 475 393 483 386 476 386 476 392 482 395 485 398 488 399 489 396 486 398 488 397 487 408 531 408 531 394 484 398 488 408 531 395 485 394 484 370 460 403 493 402 492 409 532 410 533 411 534 412 535 413 536 414 537 412 538 414 538 415 538 414 539 416 540 417 541 412 542 418 543 419 544 412 545 415 546 420 547 418 548 412 545 420 547 414 549 421 550 415 551 422 552 423 553 424 554 416 540 425 555 426 556 424 554 427 557 411 558 416 540 426 556 428 559 417 541 416 540 429 560 430 561 416 540 428 559 428 559 426 556 431 562 409 563 411 564 425 565 413 566 409 563 425 565 432 567 420 547 433 568 418 543 434 569 435 570 418 548 420 547 432 567 436 571 437 572 431 573 438 574 439 575 440 576 440 576 436 577 427 557 427 578 436 571 431 573 441 579 442 580 417 581 441 582 417 541 429 560 418 543 435 570 419 544 439 575 443 583 444 584 444 585 445 586 446 587 447 588 448 589 446 590 448 589 437 591 446 590 444 585 446 587 437 572 449 592 441 582 448 589 433 593 442 594 449 592 432 595 450 596 434 569 450 597 433 568 447 598 450 596 451 599 434 569 451 600 447 598 452 601 451 602 452 603 453 604 453 605 443 583 439 575 453 606 454 607 445 586 452 608 445 609 454 610 452 603 454 611 453 604 412 535 409 612 413 536 409 532 412 542 419 544 409 532 419 544 410 533 414 539 413 613 416 540 420 614 415 551 421 550 410 533 419 544 422 552 422 552 419 544 423 553 419 544 455 615 423 553 421 550 414 539 417 541 410 533 422 552 424 554 425 616 411 617 426 618 426 618 411 617 427 578 424 554 423 553 427 557 429 619 416 620 430 561 426 618 427 578 431 573 416 540 413 613 425 555 411 558 410 533 424 554 441 579 449 621 442 580 436 571 444 585 437 572 455 615 435 570 434 569 418 543 432 595 434 569 440 576 439 575 436 577 448 589 431 562 437 591 448 589 430 561 431 562 441 582 429 560 456 622 423 553 455 615 438 574 456 622 429 619 430 561 431 562 430 561 428 559 423 553 440 576 427 557 423 553 438 574 440 576 420 614 421 550 442 594 442 594 421 550 417 541 419 544 435 570 455 615 448 589 456 622 430 561 438 574 455 615 434 569 448 589 441 582 456 622 436 577 439 575 444 584 444 585 443 623 445 586 438 574 434 569 439 575 433 593 420 614 442 594 447 588 449 592 448 589 447 588 433 593 449 592 450 597 432 567 433 568 439 575 434 569 453 605 451 600 450 597 447 598 434 569 451 599 453 605 452 608 447 588 446 590 443 623 453 606 445 586 452 608 446 590 445 609 457 624 458 625 459 626 460 627 459 626 461 628 461 628 459 626 462 629 459 626 463 630 462 629 464 631 457 624 459 626 465 632 457 624 464 631 466 633 464 631 460 627 467 634 465 632 464 631 467 635 468 636 465 637 466 638 460 639 461 640 469 641 464 631 466 633 470 642 468 636 467 635 470 643 464 631 471 644 471 644 469 641 472 645 471 644 472 645 473 646 473 647 461 640 474 648 458 649 475 650 476 651 462 629 477 652 478 653 463 630 476 654 477 652 479 655 480 656 481 657 482 658 481 659 480 660 483 661 484 662 477 652 476 651 475 650 483 661 475 650 479 655 484 662 462 663 478 664 481 659 484 662 481 657 478 653 477 652 484 662 478 653 485 665 486 666 479 655 486 666 482 658 480 656 474 648 481 659 487 667 458 649 488 668 485 669 485 665 488 670 486 666 486 666 488 670 482 658 489 671 490 672 491 673 489 671 492 674 490 672 492 675 474 648 493 676 468 677 471 644 492 674 494 678 493 676 474 648 489 679 495 680 496 681 489 671 491 673 495 682 495 683 491 673 497 684 498 685 494 686 499 687 497 684 494 688 498 685 494 689 474 689 499 689 498 685 499 687 500 690 501 691 498 685 502 692 468 636 489 679 503 693 487 667 482 658 504 694 458 649 503 693 488 668 488 670 503 695 482 658 503 695 504 694 482 658 503 695 496 696 505 697 505 697 487 667 504 694 499 698 487 667 505 697 506 699 500 690 499 698 506 699 505 697 496 696 501 691 507 700 508 701 459 626 458 625 463 630 460 627 464 631 459 626 457 702 465 637 458 649 465 637 468 636 458 649 469 703 466 638 461 640 471 644 464 631 469 641 470 643 467 634 464 631 472 704 469 703 473 647 468 677 470 643 471 644 474 648 461 640 462 663 473 647 469 703 461 640 463 630 458 625 476 654 462 629 463 630 477 652 477 652 476 654 483 661 481 657 484 662 479 655 475 650 458 649 485 669 484 662 483 661 475 650 475 650 485 665 479 655 474 648 462 663 481 659 479 655 486 666 480 656 487 667 481 659 482 658 490 672 493 705 491 673 492 674 493 705 490 672 489 671 468 677 492 674 492 675 473 647 474 648 492 674 471 644 473 646 491 673 493 705 494 688 497 684 491 673 494 688 495 680 497 706 509 707 501 691 497 684 498 685 497 708 501 691 508 701 502 692 498 685 500 690 502 692 500 690 507 700 468 636 503 693 458 649 503 693 489 679 496 681 503 695 505 697 504 694 496 681 495 680 506 709 495 680 509 707 506 709 506 709 509 707 510 710 509 711 497 711 510 711 474 648 487 667 499 712 505 697 506 699 499 698 506 699 510 713 500 690 497 708 508 701 510 714 510 713 508 701 500 690 501 691 502 692 507 700 508 701 507 700 500 690 511 715 512 716 513 717 514 718 515 719 516 720 517 721 518 722 519 723 520 724 521 725 522 726 523 727 524 728 525 729 523 730 526 731 527 732 524 733 523 730 528 734 523 730 525 735 526 731 529 736 530 737 531 738 532 739 533 740 534 741 533 740 535 742 534 741 522 726 536 743 537 744 536 743 538 745 537 744 537 744 538 745 539 746 540 747 541 748 539 746 513 749 539 746 515 719 535 742 541 748 540 747 542 750 531 738 530 737 543 751 544 752 545 753 546 754 547 755 548 756 545 753 549 757 511 758 550 759 551 760 552 761 548 756 547 755 514 718 547 755 513 749 515 719 546 762 553 763 554 764 555 765 554 764 553 763 554 764 543 766 546 762 511 715 528 767 512 716 527 768 526 769 528 767 526 769 531 770 532 771 556 772 532 771 531 770 534 773 512 716 532 771 542 774 556 772 531 770 543 766 545 775 511 715 547 776 546 762 513 717 528 767 526 769 532 771 543 766 511 715 546 762 513 717 546 762 511 715 532 771 512 716 528 767 515 719 514 718 547 755 539 777 538 778 515 779 515 779 538 778 517 780 538 778 536 781 517 780 536 781 521 782 550 783 521 782 551 784 550 783 550 783 517 780 536 781 517 721 519 723 515 719 516 720 515 719 519 723 516 785 519 786 557 787 558 788 549 789 559 790 549 789 544 791 559 790 559 790 557 787 519 786 557 787 560 792 561 793 560 792 562 794 561 793 561 793 548 756 557 787 557 787 548 756 516 785 514 718 516 785 548 756 519 786 518 795 552 796 552 796 558 788 519 786 519 786 558 788 559 790 562 794 560 792 555 797 521 725 520 724 524 733 524 733 528 734 521 725 528 734 511 758 551 760 551 760 521 725 528 734 511 758 549 757 558 798 558 798 551 760 511 758 551 760 558 798 552 761 550 759 552 761 518 722 517 721 550 759 518 722 524 728 520 799 537 800 520 799 522 801 537 800 537 800 541 802 525 729 541 802 535 742 533 740 533 740 563 803 541 802 541 802 563 803 529 804 530 737 529 804 563 803 529 804 525 729 541 802 537 800 525 729 524 728 526 731 525 735 529 736 531 738 526 731 529 736 523 730 527 732 528 734 556 805 563 803 533 740 533 740 532 739 556 805 556 805 542 750 563 803 542 750 530 737 563 803 522 726 521 725 536 743 541 748 537 744 539 746 534 741 535 742 540 747 540 747 512 806 534 741 512 806 540 747 539 746 513 749 512 806 539 746 544 752 543 751 559 807 554 808 557 809 543 751 559 807 543 751 557 809 560 792 557 809 554 808 560 792 554 808 555 797 553 810 562 794 555 797 546 754 548 756 561 793 561 793 553 810 546 754 561 793 562 794 553 810 545 753 544 752 549 757 564 811 565 812 566 813 564 811 566 813 567 814 564 811 567 814 568 815 564 811 568 815 569 816 564 817 569 818 570 819 570 824 565 812 564 811 572 826 574 828 575 829 572 826 575 829 573 827 571 825 574 828 572 826 573 835 579 836 577 837 575 840 574 841 579 842 580 844 581 845 582 846 583 847 584 848 585 849 586 850 580 851 584 848 583 852 581 845 586 853 582 846 585 854 587 855 580 844 586 853 581 845 582 846 587 855 584 856 584 856 580 844 582 846 582 857 581 858 583 847 582 857 583 847 585 849 584 848 587 859 585 849 583 847 586 850 584 848</p>
        </triangles>
        <triangles material="qmat_e137245c464f31d5" count="29">
          <input semantic="VERTEX" source="#vertices" offset="0" />
          <input semantic="NORMAL" source="#normals" offset="1" />
          <p>5 7 7 8 8 9 11 13 5 5 8 14 12 15 13 16 14 17 7 8 5 7 12 15 5 5 4 4 62 66 62 66 61 65 63 67 11 13 91 102 89 103 105 119 63 67 89 103 91 102 105 119 89 103 14 17 13 16 62 66 11 13 3 3 5 5 62 66 4 4 61 65 105 119 14 17 63 67 7 8 14 17 105 119 7 8 12 15 14 17 11 13 8 14 91 102 570 819 569 818 568 820 570 819 568 820 567 821 570 819 567 821 566 822 570 819 566 822 565 823 571 825 572 826 573 827 575 829 576 830 573 827 577 831 574 828 571 825 575 832 578 833 576 834 573 835 576 834 578 833 573 835 578 833 579 836 573 835 577 837 571 838 579 836 574 839 577 837 575 840 579 842 578 843</p>
        </triangles>
      </mesh>
    </geometry>
  </library_geometries>
  <library_visual_scenes>
    <visual_scene id="scene">
      <node id="base_dae">
        <instance_geometry url="#geometry">
          <bind_material>
            <technique_common>
              <instance_material symbol="qmat_103403739752e509" target="#qmat_103403739752e509" />
              <instance_material symbol="qmat_1163a26947310579" target="#qmat_1163a26947310579" />
              <instance_material symbol="qmat_497d0fc190a55310" target="#qmat_497d0fc190a55310" />
              <instance_material symbol="qmat_4b294f1aa1dfaafb" target="#qmat_4b294f1aa1dfaafb" />
              <instance_material symbol="qmat_e137245c464f31d5" target="#qmat_e137245c464f31d5" />
            </technique_common>
          </bind_material>
        </instance_geometry>
      </node>
    </visual_scene>
  </library_visual_scenes>
  <scene>
    <instance_visual_scene url="#scene" />
  </scene>
</COLLADA>